mesto,tekmovalka,tekma
1,6197,1
2,6113,1
3,7072,1
4,6198,1
5,6470,1
6,7477,1
7,6043,1
8,7183,1
9,5855,1
10,7608,1
11,7154,1
12,4130,1
13,5754,1
14,6388,1
15,6867,1
16,7505,1
17,6596,1
18,6210,1
19,1952,1
20,7267,1
21,8446,1
22,7372,1
23,7571,1
24,6548,1
25,6563,1
26,6595,1
27,5793,1
28,6875,1
29,7523,1
30,8269,1
31,6646,1
32,6397,1
33,7823,1
34,5917,1
35,7378,1
36,8148,1
37,7559,1
38,8524,1
,9345,1
,7739,1
1,5930,2
2,6113,2
3,6198,2
4,6043,2
5,5010,2
6,4130,2
7,7072,2
8,5714,2
9,5754,2
10,1952,2
11,6570,2
12,6210,2
13,1909,2
14,6470,2
15,6898,2
16,7477,2
17,6388,2
18,6503,2
19,5999,2
20,6600,2
21,7153,2
22,5855,2
23,5793,2
24,6596,2
25,6595,2
25,6563,2
27,6343,2
28,6013,2
29,2682,2
30,6197,2
31,6089,2
32,6090,2
33,1921,2
34,5388,2
35,7168,2
1,5010,3
2,4130,3
3,5498,3
4,6198,3
5,5388,3
6,4929,3
7,5754,3
8,5930,3
9,4893,3
10,4632,3
11,5000,3
12,6929,3
13,6090,3
14,6173,3
15,4637,3
16,6043,3
17,5793,3
18,5386,3
19,5917,3
20,6013,3
21,5999,3
22,4767,3
23,6113,3
24,5428,3
25,6570,3
26,5855,3
27,1913,3
28,7116,3
29,1921,3
30,6196,3
1,5930,4
2,6198,4
3,7072,4
4,7669,4
5,7477,4
6,6470,4
7,6043,4
8,6570,4
9,4130,4
10,1952,4
11,6197,4
12,6113,4
13,5754,4
14,8446,4
15,5883,4
16,7439,4
17,7739,4
18,6681,4
19,6664,4
20,5917,4
21,5793,4
22,7154,4
23,6595,4
24,7237,4
25,6875,4
26,7726,4
27,6867,4
28,7571,4
29,6210,4
30,7608,4
31,6563,4
32,6397,4
33,7378,4
34,7233,4
35,8148,4
36,7823,4
37,7078,4
38,9345,4
39,7735,4
40,7575,4
1,6470,5
2,5930,5
3,6198,5
4,7669,5
5,7072,5
6,7477,5
7,8446,5
8,4130,5
9,7439,5
10,6113,5
11,5754,5
12,6043,5
13,6197,5
14,5883,5
15,7523,5
16,7154,5
17,5917,5
18,6898,5
19,6867,5
20,6681,5
21,1952,5
22,6388,5
23,7608,5
24,6595,5
25,6875,5
26,6563,5
27,7571,5
28,7917,5
29,5793,5
30,5010,5
31,6397,5
32,7267,5
33,7237,5
34,7078,5
35,7505,5
36,7735,5
37,7801,5
38,7378,5
39,7575,5
,7739,5
1,5930,6
2,6113,6
3,4130,6
4,1952,6
5,7267,6
6,6198,6
7,7072,6
8,6197,6
9,6867,6
10,5010,6
11,7477,6
12,7726,6
13,6563,6
14,6898,6
15,5754,6
16,1909,6
17,6681,6
18,5714,6
18,7439,6
20,6595,6
21,7271,6
22,5855,6
23,7233,6
24,5883,6
25,7789,6
26,6570,6
27,1921,6
28,6388,6
29,7321,6
30,6013,6
31,7154,6
31,6875,6
33,7153,6
34,7378,6
35,6596,6
35,7579,6
37,6089,6
38,6791,6
39,7575,6
40,7078,6
1,5010,7
2,5754,7
3,6198,7
4,5930,7
5,6470,7
6,5251,7
7,1909,7
8,6113,7
9,4130,7
10,6570,7
11,6210,7
12,6043,7
13,7072,7
14,6388,7
15,6503,7
16,6090,7
17,4929,7
18,1921,7
19,5793,7
20,6013,7
21,6343,7
22,5855,7
23,5999,7
24,7153,7
25,7116,7
26,6595,7
27,6089,7
28,6598,7
29,6563,7
30,7476,7
31,7477,7
32,6649,7
33,5714,7
33,5388,7
35,6600,7
36,7224,7
37,6898,7
38,7597,7
39,7573,7
40,7574,7
1,5010,8
2,5754,8
3,4130,8
4,6198,8
5,6090,8
6,5999,8
7,1909,8
8,7267,8
9,4632,8
10,5855,8
11,6043,8
12,6089,8
13,4929,8
14,1952,8
15,5930,8
16,6570,8
17,6113,8
18,5331,8
19,4893,8
20,6595,8
21,5917,8
22,4767,8
23,5793,8
24,5000,8
25,6867,8
26,1913,8
27,5498,8
28,5428,8
29,5483,8
30,1921,8
31,6388,8
32,6013,8
33,5388,8
34,2682,8
35,6343,8
36,6210,8
37,6598,8
38,6600,8
39,6649,8
40,7078,8
1,5999,9
2,6198,9
3,1909,9
4,5498,9
5,5010,9
6,4632,9
7,4890,9
8,5388,9
9,6570,9
10,5793,9
11,4767,9
12,1921,9
13,5855,9
13,6043,9
15,6929,9
16,4637,9
17,6197,9
18,5000,9
19,4929,9
20,5754,9
21,5251,9
22,4798,9
23,5386,9
24,5204,9
25,5930,9
26,6343,9
27,5015,9
28,5483,9
29,6503,9
30,6600,9
31,1917,9
32,6113,9
33,2682,9
34,6660,9
35,5917,9
36,6186,9
37,4893,9
38,6013,9
39,1914,9
40,6647,9
41,6090,9
42,6598,9
43,6563,9
1,4130,10
2,1921,10
3,5498,10
4,1913,10
5,4929,10
6,6198,10
7,4538,10
8,5388,10
9,1953,10
10,4893,10
11,5930,10
12,4537,10
13,1912,10
14,4632,10
15,5754,10
16,5999,10
17,5793,10
18,6090,10
19,4767,10
20,4883,10
21,5855,10
22,4890,10
23,5015,10
24,2682,10
25,5387,10
26,5428,10
27,1917,10
28,5483,10
29,1914,10
30,1916,10
31,1952,10
32,1909,10
33,6013,10
34,4637,10
35,1911,10
36,5707,10
37,6043,10
38,5763,10
39,6599,10
40,6598,10
41,6265,10
42,6602,10
43,6231,10
1,4637,11
2,4767,11
3,4890,11
4,4130,11
5,5498,11
6,4632,11
7,5171,11
8,1911,11
9,4893,11
10,4538,11
11,5312,11
12,1909,11
13,5388,11
14,5386,11
15,1908,11
16,6173,11
17,5754,11
18,1912,11
19,4677,11
20,4883,11
21,5236,11
22,5930,11
23,5015,11
24,5005,11
25,4536,11
26,5793,11
27,1913,11
27,5483,11
29,5999,11
30,5855,11
31,5473,11
32,1921,11
33,5649,11
34,5853,11
35,1914,11
36,1919,11
1,5999,12
2,6198,12
3,4890,12
4,4637,12
5,4130,12
6,1909,12
7,4767,12
8,5388,12
9,5754,12
10,1953,12
11,4893,12
12,4929,12
13,4632,12
14,1952,12
15,5498,12
15,1911,12
17,5930,12
18,5251,12
19,6113,12
20,1912,12
21,5855,12
22,5015,12
23,4538,12
24,4537,12
25,5000,12
26,6569,12
27,2682,12
28,1921,12
29,6054,12
30,6343,12
31,6186,12
32,6013,12
33,6043,12
34,4883,12
35,5707,12
36,5917,12
37,5716,12
38,5793,12
39,5742,12
40,6197,12
41,6352,12
42,5483,12
43,1914,12
44,5473,12
45,5428,12
46,5387,12
47,6348,12
1,5999,13
2,6198,13
3,4130,13
4,4767,13
5,4632,13
6,4890,13
7,5498,13
8,6504,13
9,5000,13
10,6196,13
11,4929,13
12,6210,13
13,1953,13
14,4537,13
15,4637,13
16,4893,13
17,5754,13
18,1911,13
19,6043,13
20,6113,13
21,5388,13
22,5930,13
23,1921,13
24,5387,13
25,5855,13
26,5010,13
27,5251,13
28,5917,13
29,6197,13
30,4883,13
31,1912,13
32,5015,13
33,4538,13
34,5204,13
35,2682,13
36,6343,13
37,4539,13
38,5793,13
39,5428,13
40,6211,13
41,5954,13
42,2196,13
43,6352,13
1,6198,15
2,5999,15
3,4767,15
4,4893,15
5,5498,15
6,4632,15
7,4130,15
8,4637,15
8,4929,15
10,4890,15
11,6210,15
12,4537,15
13,6043,15
14,1953,15
15,1911,15
16,5855,15
17,6197,15
18,5000,15
19,5251,15
20,5754,15
21,2682,15
22,5387,15
23,5010,15
24,4538,15
25,5793,15
26,5015,15
27,5388,15
28,5930,15
29,5917,15
30,6196,15
31,1921,15
32,1912,15
33,6113,15
34,6343,15
35,4883,15
36,5428,15
37,6352,15
1,5999,16
2,6198,16
3,1909,16
4,4767,16
5,4130,16
6,4890,16
6,1953,16
8,4632,16
9,5000,16
10,4637,16
11,5388,16
12,4538,16
13,4893,16
14,5855,16
15,4537,16
16,1911,16
17,5754,16
18,2682,16
19,5010,16
20,5251,16
21,4883,16
22,5498,16
23,6113,16
24,5793,16
25,1921,16
26,6197,16
27,6013,16
28,1912,16
29,5483,16
30,6186,16
31,1917,16
32,4929,16
33,5015,16
34,5707,16
35,5005,16
36,6343,16
37,5387,16
38,5917,16
39,5716,16
40,6569,16
41,1916,16
42,5742,16
43,6352,16
1,5999,17
2,6198,17
3,4130,17
4,4767,17
5,4632,17
6,1953,17
7,5000,17
8,4637,17
9,4890,17
10,1909,17
11,4893,17
12,5388,17
13,5855,17
14,5498,17
15,6569,17
16,4538,17
16,4537,17
18,2682,17
19,5251,17
20,6197,17
21,5707,17
22,4883,17
23,5483,17
24,5754,17
25,6113,17
26,1912,17
27,5010,17
27,6013,17
29,6343,17
30,4929,17
31,1917,17
32,5793,17
33,6599,17
34,5917,17
35,5716,17
36,5005,17
37,5742,17
38,1916,17
39,6352,17
40,5387,17
41,6186,17
42,1921,17
43,5015,17
44,6598,17
45,6602,17
,1911,17
1,4130,18
2,5999,18
3,4637,18
4,4767,18
5,1909,18
6,5000,18
7,4890,18
8,6113,18
9,5388,18
10,4929,18
11,1953,18
12,5917,18
13,4632,18
13,5010,18
15,5793,18
16,2682,18
17,1921,18
18,5251,18
19,1911,18
20,5387,18
20,5754,18
22,5930,18
23,4537,18
24,4538,18
25,6043,18
25,5707,18
27,6197,18
28,4883,18
29,6569,18
30,6013,18
31,5483,18
32,5716,18
33,5015,18
34,5855,18
35,1912,18
36,6186,18
37,1917,18
38,4893,18
39,5498,18
40,5005,18
41,5428,18
42,1914,18
43,5742,18
44,1916,18
45,6352,18
46,6343,18
47,5473,18
48,5332,18
49,6265,18
1,4130,19
2,5999,19
3,5000,19
4,4767,19
5,4890,19
6,5010,19
7,4637,19
8,5855,19
9,5251,19
10,4929,19
11,1953,19
12,2682,19
13,5930,19
14,6043,19
15,4893,19
16,4537,19
17,5917,19
18,4538,19
19,5754,19
20,6013,19
21,1909,19
22,1921,19
23,5707,19
24,4883,19
25,4632,19
26,6113,19
27,1911,19
28,5387,19
29,6186,19
29,5483,19
31,1912,19
32,5793,19
33,5498,19
34,6197,19
35,1917,19
36,5742,19
37,5388,19
38,1916,19
39,5716,19
40,1914,19
41,5005,19
42,6352,19
43,5015,19
44,5332,19
45,5428,19
46,6265,19
47,5473,19
48,6343,19
1,5999,20
2,4130,20
3,4767,20
4,1909,20
5,1953,20
6,4637,20
7,5000,20
8,4632,20
9,5498,20
10,5917,20
11,4890,20
12,4893,20
13,5388,20
14,1911,20
15,4883,20
16,6210,20
17,4538,20
18,5855,20
19,5793,20
20,4929,20
21,5930,20
22,1952,20
23,5251,20
24,2682,20
24,5714,20
26,6186,20
27,5716,20
28,1912,20
29,5015,20
30,5428,20
31,6043,20
32,1917,20
33,5742,20
34,5387,20
35,1921,20
36,6352,20
37,6196,20
38,6343,20
39,5473,20
1,5999,21
2,4130,21
3,4890,21
4,4637,21
5,5000,21
6,4632,21
7,4929,21
8,1909,21
9,4767,21
10,5498,21
11,1953,21
12,5917,21
13,4893,21
14,1911,21
15,5793,21
16,5388,21
17,5714,21
18,5251,21
18,6210,21
20,5015,21
21,5930,21
22,2682,21
23,4538,21
24,4883,21
25,5855,21
26,1952,21
27,1912,21
28,5742,21
29,5716,21
30,6196,21
31,5387,21
32,1921,21
33,6186,21
34,6352,21
35,1917,21
36,6043,21
37,6343,21
38,5473,21
39,5428,21
,6602,21
,6598,21
,6599,21
1,5999,22
2,6198,22
3,4632,22
4,4890,22
5,4130,22
6,5000,22
7,4637,22
8,4767,22
9,1953,22
10,4929,22
11,5498,22
12,1909,22
13,1911,22
14,5251,22
14,5015,22
16,6196,22
17,1912,22
18,5388,22
19,6197,22
20,5917,22
21,6113,22
22,1921,22
23,4883,22
24,5855,22
25,2682,22
26,6013,22
27,5716,22
28,1952,22
29,6403,22
30,5010,22
31,5793,22
32,1917,22
33,4893,22
34,4538,22
35,5930,22
36,1908,22
37,5554,22
38,5742,22
39,6352,22
40,5714,22
41,6210,22
42,5428,22
43,6186,22
44,6090,22
45,1916,22
46,5473,22
47,6043,22
48,5883,22
49,6343,22
,5387,22
1,5387,23
2,4637,23
3,1912,23
4,4929,23
5,5251,23
6,5388,23
7,5498,23
8,5917,23
9,5999,23
10,5000,23
11,1911,23
12,1909,23
13,6186,23
14,4130,23
15,4893,23
16,4767,23
17,6198,23
18,6197,23
19,4890,23
20,5742,23
21,6013,23
22,1953,23
23,5015,23
24,6113,23
25,1921,23
26,5714,23
27,4632,23
28,6403,23
29,5716,23
30,1908,23
31,5793,23
32,4883,23
33,4538,23
34,6043,23
35,5010,23
36,6090,23
37,5855,23
38,2682,23
39,5554,23
40,5930,23
41,1917,23
42,6210,23
43,1916,23
44,5428,23
45,6352,23
46,5883,23
47,5473,23
48,6343,23
49,1952,23
,6196,23
1,5999,24
2,5498,24
3,1953,24
4,4130,24
5,6198,24
6,5388,24
7,5000,24
8,4890,24
9,4538,24
10,5855,24
11,4767,24
12,4632,24
13,1909,24
14,5793,24
15,1952,24
16,1911,24
17,5930,24
18,1912,24
19,4883,24
20,6197,24
21,2682,24
22,6210,24
23,6090,24
24,1921,24
25,1917,24
26,6504,24
27,6186,24
28,4893,24
29,1914,24
30,5742,24
31,5387,24
32,5015,24
33,6113,24
34,5917,24
35,1908,24
36,6013,24
37,5707,24
38,5428,24
39,6352,24
40,6043,24
41,1916,24
42,4929,24
43,6265,24
44,5716,24
45,6348,24
46,6343,24
,5401,24
1,5999,25
2,6198,25
3,1909,25
4,5498,25
5,1921,25
6,5010,25
7,4637,25
8,4890,25
9,5000,25
10,4632,25
11,5754,25
12,6929,25
13,1913,25
14,6660,25
15,6197,25
16,5855,25
17,4893,25
18,5930,25
19,4883,25
20,5388,25
21,4929,25
22,5917,25
23,1953,25
24,6113,25
25,5428,25
26,4798,25
27,6013,25
28,2682,25
29,1916,25
30,5015,25
31,5204,25
1,5999,26
2,6198,26
3,1909,26
4,4632,26
5,5000,26
6,5498,26
7,6647,26
8,5388,26
9,4890,26
10,5010,26
11,1913,26
12,1921,26
13,4767,26
14,4883,26
15,4893,26
15,5917,26
17,5855,26
18,6197,26
19,6113,26
20,1916,26
21,4637,26
22,4929,26
23,6929,26
24,1953,26
25,5386,26
26,6570,26
27,5793,26
28,5930,26
29,6660,26
30,5428,26
31,6013,26
32,6043,26
33,6343,26
34,5251,26
35,6503,26
36,5754,26
37,6600,26
38,5015,26
39,5204,26
40,1917,26
41,2682,26
42,4798,26
43,5483,26
44,6795,26
45,6563,26
46,5742,26
47,6598,26
1,6198,27
2,5498,27
3,5999,27
4,5000,27
5,4637,27
6,5855,27
7,4632,27
8,1916,27
9,6197,27
10,4893,27
11,4929,27
12,6013,27
13,1913,27
14,6929,27
15,1953,27
16,4798,27
17,5917,27
18,5204,27
19,4883,27
20,5386,27
20,6090,27
22,2682,27
23,1917,27
24,5754,27
25,6503,27
26,4538,27
27,5015,27
28,5428,27
29,5714,27
30,6043,27
31,1952,27
32,6647,27
33,5483,27
34,6660,27
35,5387,27
36,6343,27
37,6598,27
38,1914,27
39,6310,27
40,6600,27
41,5005,27
,5793,27
,5853,27
,1911,27
1,6198,28
2,5999,28
3,5498,28
4,5855,28
5,5000,28
6,4632,28
7,4893,28
8,4637,28
9,6197,28
10,6013,28
11,1913,28
12,4883,28
13,2682,28
14,1953,28
15,6647,28
16,4798,28
17,1916,28
18,5714,28
18,5483,28
20,5853,28
21,5917,28
22,5754,28
23,1917,28
24,5015,28
25,6343,28
26,4929,28
27,1952,28
28,5204,28
29,6043,28
30,4538,28
31,5387,28
32,6600,28
33,6090,28
34,6503,28
35,5386,28
36,5793,28
37,6598,28
38,5428,28
39,1914,28
40,6310,28
41,5005,28
,1911,28
1,6198,29
2,1909,29
3,5999,29
4,5010,29
5,6197,29
6,4632,29
7,5000,29
8,4637,29
9,4893,29
10,4767,29
11,4929,29
12,6929,29
13,1916,29
14,5754,29
15,1913,29
16,2682,29
17,5855,29
18,6113,29
19,4798,29
20,5015,29
21,5204,29
22,6343,29
23,5714,29
24,6090,29
25,1953,29
26,6043,29
27,5236,29
28,4538,29
29,6660,29
30,5386,29
1,6198,30
2,1909,30
3,5010,30
4,5999,30
5,4632,30
6,5855,30
7,4637,30
8,1913,30
8,6929,30
10,5000,30
11,6197,30
12,4893,30
13,5204,30
14,4798,30
15,4767,30
16,1916,30
17,6113,30
18,4929,30
19,5386,30
20,2682,30
21,5015,30
22,1953,30
23,6343,30
24,5714,30
25,6660,30
26,5754,30
27,6090,30
28,5236,30
29,4539,30
30,4537,30
31,6043,30
32,4538,30
33,6024,30
1,1909,31
2,4890,31
3,5999,31
4,5855,31
5,6198,31
5,5498,31
7,6197,31
8,4637,31
9,5010,31
10,5000,31
11,5754,31
12,1921,31
13,5388,31
14,6929,31
15,4632,31
16,4929,31
17,6090,31
18,1913,31
19,6113,31
20,4798,31
21,4893,31
22,5930,31
23,5714,31
24,6043,31
25,1916,31
26,5917,31
27,6660,31
28,5015,31
29,2682,31
30,5204,31
31,6013,31
31,4538,31
33,6343,31
34,6503,31
35,4539,31
36,1917,31
37,5386,31
38,1953,31
1,5498,32
2,1909,32
3,4890,32
4,1913,32
5,1921,32
6,4893,32
7,5999,32
8,6929,32
9,6113,32
10,5000,32
10,4632,32
12,6198,32
13,5917,32
14,5204,32
15,5015,32
16,5754,32
17,5388,32
18,1916,32
19,4798,32
20,5010,32
21,5930,32
22,5855,32
22,5236,32
24,5386,32
25,6660,32
26,6013,32
27,6197,32
28,4637,32
29,1917,32
30,6024,32
31,5714,32
32,4539,32
33,4929,32
34,2682,32
35,6090,32
36,4537,32
37,1953,32
38,6043,32
39,6503,32
40,6343,32
41,4538,32
1,6198,33
2,5999,33
3,1909,33
4,4890,33
5,5388,33
6,5498,33
7,5855,33
8,5000,33
9,5010,33
10,4637,33
11,4632,33
12,5754,33
13,6197,33
14,4929,33
15,6660,33
16,6929,33
17,1916,33
18,4893,33
19,5386,33
20,6013,33
21,1921,33
22,2682,33
23,4539,33
24,5015,33
25,1953,33
26,1913,33
27,4538,33
28,4883,33
29,5714,33
30,1917,33
31,1952,33
32,6503,33
33,5483,33
34,4767,33
35,5428,33
36,6043,33
37,6343,33
38,5387,33
39,5917,33
40,5332,33
41,1914,33
42,5473,33
,4130,33
,6113,33
1,5999,34
2,6198,34
3,5498,34
4,1909,34
5,5000,34
6,4890,34
7,5388,34
8,6197,34
9,5010,34
10,6660,34
11,4637,34
12,4632,34
13,5855,34
14,4929,34
15,6929,34
16,1916,34
17,4893,34
18,5754,34
19,6113,34
20,6013,34
21,4883,34
22,2682,34
23,1921,34
24,5917,34
25,5386,34
26,1953,34
27,1913,34
28,1952,34
29,4539,34
30,5483,34
31,4130,34
32,4538,34
33,6503,34
34,5015,34
35,6043,34
36,5714,34
37,1917,34
38,5428,34
39,6343,34
40,5387,34
41,4767,34
42,1914,34
43,5332,34
44,5473,34
1,4890,35
2,4130,35
3,5498,35
4,6198,35
5,5999,35
6,4893,35
7,5388,35
8,1909,35
9,5000,35
10,6197,35
11,5855,35
12,5010,35
13,6013,35
14,4637,35
15,1953,35
16,5754,35
17,6113,35
18,4929,35
19,5386,35
20,1916,35
21,1913,35
22,6660,35
23,2682,35
24,5917,35
25,5483,35
25,4538,35
27,5930,35
28,6929,35
29,4767,35
30,5204,35
31,5251,35
32,6043,35
33,5714,35
34,4883,35
35,1921,35
36,6569,35
37,5015,35
37,5387,35
39,1911,35
40,6570,35
41,1917,35
42,4539,35
43,6343,35
44,4632,35
45,5332,35
46,1952,35
47,5883,35
48,5473,35
49,5554,35
50,6186,35
51,5716,35
52,6503,35
53,6649,35
54,6567,35
1,6198,36
2,5388,36
3,4130,36
3,1909,36
5,4890,36
6,5000,36
7,4929,36
8,5010,36
9,4893,36
10,5930,36
11,5999,36
12,5498,36
13,4632,36
14,1953,36
15,4637,36
16,5855,36
17,5483,36
18,5754,36
19,1913,36
20,6113,36
21,1921,36
22,5204,36
23,1916,36
24,6013,36
25,2682,36
26,6929,36
27,6197,36
28,4767,36
29,5251,36
30,6570,36
31,4538,36
32,4883,36
33,6043,36
34,5015,36
35,1917,36
36,6569,36
37,6660,36
37,5386,36
37,4539,36
40,1952,36
41,5917,36
41,5714,36
43,5387,36
44,5332,36
45,1911,36
45,5473,36
47,5554,36
48,5883,36
49,6343,36
,6196,36
1,6198,37
2,5498,37
3,4130,37
4,4637,37
5,4632,37
6,1909,37
7,5999,37
8,4890,37
9,1916,37
10,5010,37
11,2682,37
12,4883,37
13,4929,37
14,5251,37
15,6197,37
16,5000,37
17,5388,37
18,4893,37
19,5855,37
20,6013,37
21,5015,37
22,5793,37
23,1911,37
24,1913,37
25,1921,37
26,4538,37
27,5204,37
28,6113,37
28,5483,37
30,6043,37
31,1917,37
32,4767,37
33,6570,37
34,5754,37
35,6569,37
36,6929,37
37,5930,37
38,6647,37
39,6196,37
40,6660,37
41,6563,37
42,5386,37
43,4537,37
44,1952,37
45,5332,37
46,5473,37
47,6186,37
48,1914,37
49,5917,37
,6343,37
1,4130,38
1,5498,38
3,6198,38
4,1909,38
5,5010,38
6,4637,38
7,5999,38
8,1916,38
9,2682,38
10,5754,38
11,4890,38
12,1913,38
13,5930,38
14,5855,38
15,6660,38
16,6197,38
17,5793,38
18,4893,38
19,4632,38
20,6929,38
21,5251,38
22,4929,38
23,6196,38
24,6113,38
25,6569,38
26,6013,38
27,1921,38
28,1917,38
29,4538,38
30,5015,38
31,5386,38
32,5388,38
33,1953,38
34,1952,38
35,6090,38
36,6043,38
37,4767,38
38,5204,38
38,6343,38
40,4537,38
41,5917,38
42,6563,38
43,6186,38
44,6265,38
,5000,38
,6647,38
1,5999,39
2,6198,39
3,4890,39
4,4130,39
4,5498,39
6,5388,39
7,1909,39
8,5010,39
9,5000,39
10,5251,39
11,5930,39
12,6090,39
13,5855,39
14,4893,39
15,6197,39
16,1921,39
17,1913,39
18,6196,39
19,4929,39
20,5793,39
21,6043,39
22,5015,39
23,2682,39
24,1952,39
24,6113,39
26,5754,39
27,4767,39
28,4538,39
29,1953,39
30,1917,39
31,6660,39
32,6569,39
33,5386,39
33,6013,39
35,4632,39
36,5204,39
37,6929,39
38,6186,39
39,1916,39
40,5917,39
41,6343,39
42,4637,39
43,4537,39
44,6647,39
45,6563,39
46,6265,39
1,6198,40
2,5999,40
3,4890,40
4,5010,40
5,5388,40
6,4130,40
7,5498,40
8,4637,40
9,1909,40
10,5000,40
11,5930,40
12,5251,40
13,4632,40
14,4929,40
14,1921,40
16,4893,40
17,5754,40
18,6197,40
19,5015,40
20,1913,40
21,5855,40
22,5793,40
23,1952,40
24,2682,40
25,1916,40
25,6929,40
27,5386,40
28,6090,40
29,6043,40
30,4538,40
31,1917,40
32,6343,40
33,6569,40
33,5483,40
35,5917,40
36,4767,40
37,4537,40
38,1953,40
38,6196,40
40,4883,40
41,6013,40
42,6186,40
43,5428,40
44,5332,40
45,6113,40
46,5204,40
47,6570,40
48,5387,40
49,6563,40
,6660,40
1,6198,41
2,5754,41
3,5917,41
4,4893,41
5,4632,41
6,4929,41
6,4767,41
8,1911,41
9,5930,41
10,6043,41
11,5000,41
12,5498,41
13,6570,41
14,6013,41
15,5388,41
16,5793,41
17,6197,41
18,1913,41
19,5855,41
20,5428,41
21,6210,41
22,6113,41
23,5883,41
24,1952,41
25,4538,41
26,5483,41
27,4798,41
28,5236,41
29,5828,41
,6503,41
1,6198,42
2,5754,42
3,5793,42
4,5917,42
5,5010,42
6,5855,42
7,5000,42
8,4632,42
9,1913,42
10,5498,42
11,6013,42
12,6570,42
13,6090,42
14,4893,42
15,5930,42
16,6929,42
17,4929,42
18,6043,42
19,5388,42
19,6197,42
21,6173,42
22,6113,42
23,7116,42
24,4767,42
25,4890,42
26,6210,42
27,6867,42
28,6555,42
29,4538,42
30,1921,42
31,6563,42
32,5883,42
33,5428,42
34,1911,42
35,5483,42
36,6649,42
37,6596,42
38,5387,42
39,6343,42
40,5236,42
41,6862,42
42,6503,42
43,5015,42
44,4798,42
45,6595,42
46,6314,42
47,1912,42
48,7270,42
49,6751,42
1,6198,43
2,5000,43
3,5754,43
4,6043,43
5,6090,43
6,4929,43
7,5930,43
8,5428,43
9,4893,43
10,4632,43
11,1911,43
12,5855,43
13,5793,43
14,5917,43
15,6113,43
16,5498,43
17,4890,43
18,5388,43
19,4767,43
20,6013,43
21,1921,43
22,6929,43
23,1913,43
24,6197,43
25,4798,43
26,6210,43
27,5883,43
28,5483,43
29,4538,43
30,6503,43
1,6198,44
2,4632,44
3,5388,44
4,4929,44
5,5930,44
6,5754,44
7,6043,44
8,5917,44
9,6173,44
10,6113,44
11,4767,44
12,5793,44
13,1911,44
14,5498,44
15,6013,44
16,4893,44
17,6197,44
18,5883,44
19,5855,44
20,4538,44
21,6595,44
22,5000,44
23,4798,44
24,5428,44
25,6570,44
26,6503,44
27,6862,44
28,5387,44
29,5236,44
30,1921,44
31,6867,44
32,6343,44
33,5828,44
34,1952,44
35,6649,44
36,6210,44
37,5483,44
38,6563,44
39,6186,44
40,7270,44
41,7016,44
,1913,44
,5010,44
1,6198,45
2,5930,45
3,5754,45
4,5917,45
5,6043,45
6,5793,45
7,4767,45
8,6013,45
9,5498,45
10,5000,45
11,6113,45
12,4929,45
13,5388,45
14,4893,45
15,4632,45
16,6173,45
17,1911,45
18,1913,45
19,5883,45
20,5855,45
21,5428,45
22,6210,45
23,1921,45
24,6197,45
25,6867,45
26,1952,45
27,6570,45
28,6595,45
29,4538,45
30,5483,45
31,6563,45
32,5828,45
33,6186,45
34,5236,45
35,4798,45
36,6343,45
37,6503,45
38,6862,45
39,5387,45
40,6649,45
41,7016,45
42,7270,45
,5010,45
,4637,45
1,6198,46
2,4130,46
3,5793,46
4,4929,46
5,5010,46
6,5754,46
7,1913,46
8,6043,46
9,1911,46
10,5855,46
11,6197,46
12,6113,46
13,1921,46
14,5000,46
15,5714,46
16,6570,46
17,5388,46
18,4767,46
19,5483,46
20,6210,46
21,6343,46
22,4538,46
23,6595,46
24,6649,46
25,4798,46
26,1916,46
27,5883,46
28,5387,46
29,6503,46
30,6563,46
31,6555,46
32,6862,46
33,6596,46
34,6186,46
35,6317,46
36,6569,46
37,6196,46
38,6751,46
39,6308,46
40,6556,46
41,5801,46
42,6314,46
43,5707,46
44,7016,46
45,6567,46
45,6631,46
,7240,46
1,6198,47
2,4130,47
3,4929,47
4,5010,47
5,5754,47
6,5714,47
7,6043,47
8,5793,47
9,1913,47
10,6197,47
11,4767,47
12,5855,47
13,6570,47
14,5388,47
15,6343,47
16,6210,47
17,1911,47
18,1921,47
19,5000,47
20,6113,47
21,6595,47
22,4798,47
23,5883,47
24,1916,47
25,5483,47
26,6555,47
27,4538,47
28,6751,47
29,6186,47
30,6563,47
31,6308,47
32,6503,47
32,6862,47
34,6317,47
35,5801,47
36,5387,47
37,6196,47
38,6569,47
39,7016,47
40,6556,47
41,5707,47
42,6596,47
43,6631,47
44,6314,47
45,6567,47
,6649,47
,7240,47
1,4130,48
2,6198,48
3,5010,48
4,5754,48
5,4929,48
6,5930,48
7,5498,48
8,6197,48
9,5000,48
10,5917,48
11,5855,48
12,6043,48
13,6173,48
14,1913,48
15,5714,48
16,4893,48
17,4767,48
18,1952,48
19,5428,48
20,6210,48
21,5483,48
22,5387,48
23,6555,48
24,4538,48
25,5828,48
26,6503,48
27,6308,48
28,6595,48
29,7078,48
30,6569,48
31,1916,48
32,4798,48
33,6343,48
34,6186,48
35,6196,48
36,6317,48
37,6596,48
38,6649,48
39,5801,48
40,6310,48
41,1912,48
42,6862,48
42,5707,48
44,6790,48
45,6567,48
46,5853,48
47,7016,48
1,4130,49
2,6198,49
3,5010,49
4,6197,49
5,5754,49
6,1913,49
7,6043,49
8,5498,49
9,5930,49
10,6173,49
11,5000,49
12,4929,49
13,5917,49
14,5855,49
15,4767,49
16,5714,49
17,6210,49
18,4893,49
19,1952,49
20,1916,49
21,5428,49
22,6503,49
23,5483,49
24,7078,49
25,4538,49
26,5828,49
27,1912,49
28,6343,49
29,6196,49
30,6862,49
31,6555,49
32,5387,49
33,4798,49
34,6595,49
35,6308,49
36,6186,49
37,6569,49
38,6310,49
39,5853,49
40,6596,49
41,5801,49
42,6649,49
43,7016,49
44,6317,49
45,5707,49
46,6790,49
47,6567,49
,6570,49
1,6198,50
2,5010,50
3,5386,50
4,5930,50
4,6173,50
6,5793,50
7,5754,50
8,4893,50
9,6090,50
10,4632,50
11,4767,50
12,5714,50
13,7116,50
14,6929,50
15,1921,50
16,6113,50
17,5387,50
18,6503,50
19,1911,50
20,4883,50
21,6210,50
22,4798,50
23,4637,50
24,6013,50
25,4890,50
26,6570,50
27,5483,50
28,6563,50
29,6343,50
30,5428,50
31,5388,50
32,6596,50
33,6862,50
34,1912,50
35,6595,50
36,4539,50
37,6089,50
38,4538,50
39,5015,50
,2682,50
,7078,50
1,6198,51
2,5754,51
3,5010,51
4,5930,51
5,5714,51
6,5386,51
7,5388,51
8,4767,51
9,6210,51
10,5793,51
11,6090,51
12,6113,51
13,4632,51
14,4893,51
15,1921,51
16,4890,51
17,1911,51
18,4539,51
19,6929,51
20,6173,51
21,2682,51
22,7116,51
22,4538,51
24,6503,51
24,6596,51
24,4537,51
27,4883,51
27,4798,51
29,6570,51
30,6013,51
31,5428,51
32,5387,51
33,5483,51
34,5236,51
35,6595,51
35,5954,51
37,6196,51
38,4637,51
39,6343,51
40,5756,51
41,6563,51
42,6395,51
43,7078,51
44,5015,51
45,6089,51
46,1912,51
47,6862,51
1,6198,52
2,5498,52
3,6043,52
4,6929,52
5,4637,52
6,4929,52
7,4632,52
8,5754,52
9,6113,52
10,4767,52
11,4893,52
12,4538,52
13,5010,52
14,4883,52
15,4130,52
16,5386,52
17,5714,52
18,5855,52
19,5793,52
20,7116,52
21,1911,52
22,5388,52
23,5917,52
24,6570,52
25,6503,52
26,5483,52
27,7078,52
28,1913,52
29,5930,52
30,1921,52
31,6013,52
32,6210,52
33,5428,52
34,6595,52
35,1912,52
36,6090,52
37,4798,52
38,5000,52
39,2682,52
40,6563,52
41,6186,52
42,1916,52
43,6343,52
44,6862,52
45,5387,52
46,6596,52
47,5015,52
48,6089,52
49,6196,52
1,6198,53
2,5010,53
3,6043,53
4,5754,53
5,4929,53
6,5498,53
7,5793,53
8,6113,53
9,4130,53
10,4632,53
11,6929,53
12,5917,53
13,5714,53
14,4883,53
15,6090,53
16,4893,53
17,1921,53
18,7078,53
19,4767,53
20,1913,53
20,5855,53
22,5930,53
23,1911,53
24,7116,53
25,5386,53
26,5000,53
27,1912,53
28,2682,53
29,6563,53
30,6013,53
31,6595,53
32,4637,53
33,4538,53
34,6862,53
35,5428,53
36,5483,53
37,6210,53
38,4539,53
39,4798,53
39,1916,53
41,5954,53
42,6503,53
42,4537,53
44,6343,53
45,5388,53
46,5387,53
47,6186,53
48,6570,53
49,5756,53
50,5236,53
1,6043,54
2,5010,54
3,6198,54
4,6113,54
5,5498,54
6,6470,54
7,4130,54
8,1913,54
9,5000,54
10,5793,54
11,5386,54
12,5930,54
12,5714,54
14,4893,54
14,1921,54
16,5428,54
17,5917,54
18,6173,54
19,6197,54
20,5388,54
21,5483,54
22,7116,54
23,6647,54
24,6570,54
25,4538,54
26,6013,54
27,6196,54
28,6563,54
29,6503,54
30,6595,54
31,1912,54
32,4537,54
33,1911,54
34,6186,54
35,6343,54
36,6862,54
37,1917,54
38,6210,54
39,4798,54
40,5015,54
41,6598,54
42,6596,54
43,7016,54
44,5707,54
45,7037,54
46,1914,54
47,6599,54
48,6597,54
49,6686,54
,5387,54
1,6198,55
2,5010,55
3,6043,55
4,5498,55
5,6470,55
6,5428,55
7,4130,55
8,5930,55
9,5714,55
10,6113,55
11,5917,55
12,5000,55
13,5793,55
14,4893,55
15,5386,55
16,5388,55
17,1921,55
18,1913,55
19,6173,55
20,6197,55
21,7116,55
22,6595,55
23,6503,55
23,6196,55
25,5483,55
26,4798,55
27,6013,55
28,1912,55
29,6570,55
30,6210,55
31,6343,55
32,6563,55
33,4537,55
34,6186,55
35,5015,55
35,1917,55
37,4538,55
38,6862,55
39,6598,55
40,6647,55
41,7016,55
42,5707,55
43,5387,55
44,6596,55
45,7037,55
46,1911,55
47,1914,55
48,6597,55
49,6686,55
,6599,55
1,6198,56
2,6043,56
3,5010,56
4,6173,56
5,4130,56
6,4929,56
7,7116,56
8,6090,56
9,4632,56
10,5000,56
11,4893,56
12,6470,56
13,5793,56
14,5483,56
15,1911,56
16,1921,56
17,5714,56
18,1913,56
19,5498,56
20,5930,56
21,4637,56
22,5917,56
23,4767,56
24,5754,56
25,6013,56
26,6563,56
27,1912,56
28,5428,56
29,4883,56
30,6113,56
31,5388,56
31,5855,56
33,1953,56
34,5883,56
35,5251,56
36,6647,56
37,6197,56
38,5386,56
39,6929,56
40,6867,56
41,4890,56
42,6595,56
43,6570,56
44,6503,56
45,6598,56
46,4539,56
47,2682,56
48,6186,56
49,6403,56
50,1952,56
1,6198,57
2,4130,57
3,6043,57
4,6173,57
5,4929,57
6,5754,57
7,5010,57
8,6470,57
9,4637,57
10,4632,57
11,5483,57
12,6090,57
13,5917,57
14,1913,57
15,5498,57
16,1911,57
17,5930,57
18,6113,57
19,5714,57
20,5251,57
21,4767,57
22,6929,57
23,5855,57
24,4893,57
25,4538,57
26,5000,57
27,6197,57
28,4890,57
29,7116,57
30,4883,57
31,1921,57
32,5386,57
33,1953,57
34,6013,57
35,5793,57
36,5428,57
37,4539,57
38,6867,57
39,5388,57
40,6210,57
41,6598,57
42,1917,57
43,6563,57
44,6196,57
45,6647,57
46,2682,57
47,6403,57
48,6503,57
49,1912,57
50,1952,57
1,6198,58
2,4130,58
2,7116,58
4,5010,58
5,1909,58
6,6113,58
7,6470,58
8,5498,58
9,4929,58
10,6090,58
11,5251,58
12,5930,58
13,6173,58
14,5917,58
15,1921,58
16,6043,58
17,5754,58
18,1913,58
19,4632,58
20,5388,58
21,5386,58
22,4637,58
23,4893,58
24,6197,58
25,6013,58
26,5000,58
27,4890,58
28,4767,58
29,5855,58
30,1911,58
31,5483,58
32,5428,58
33,6595,58
34,6867,58
35,6570,58
36,2682,58
37,4883,58
38,7078,58
39,5793,58
40,6343,58
41,6929,58
41,6503,58
43,5387,58
43,1912,58
45,4538,58
46,1917,58
47,6649,58
48,6862,58
49,5015,58
50,6186,58
1,6198,59
2,5999,59
3,6090,59
4,5010,59
5,4130,59
6,4929,59
7,5754,59
8,5855,59
9,5793,59
10,7267,59
11,4632,59
12,6043,59
13,5930,59
14,1909,59
15,4893,59
16,6013,59
17,5917,59
18,6595,59
19,4767,59
20,6113,59
21,5000,59
22,5428,59
23,6089,59
24,1952,59
25,6197,59
26,1913,59
27,5498,59
28,5331,59
29,6210,59
30,6388,59
31,6570,59
32,6867,59
1,4130,60
1,6198,60
3,5999,60
4,5855,60
5,1952,60
6,5754,60
7,4929,60
8,4893,60
9,7267,60
10,6089,60
11,6570,60
12,5917,60
13,6595,60
14,1909,60
15,5930,60
16,1911,60
17,6043,60
18,1913,60
19,5000,60
20,6388,60
21,6210,60
22,6197,60
23,5331,60
23,6196,60
25,6013,60
26,7116,60
27,5387,60
28,5428,60
29,5251,60
30,6343,60
31,2682,60
32,5498,60
33,1921,60
34,6548,60
35,6298,60
36,6563,60
37,6569,60
38,5332,60
39,5828,60
40,6317,60
1,6198,61
2,4130,61
3,5999,61
4,5930,61
5,7267,61
6,4929,61
7,5855,61
8,5754,61
9,5000,61
10,4893,61
11,6570,61
12,6089,61
13,1952,61
14,1909,61
15,6043,61
16,1913,61
17,5331,61
18,5917,61
19,6595,61
20,2682,61
21,5428,61
22,6197,61
23,6013,61
24,6210,61
25,5251,61
26,6388,61
27,1911,61
28,6196,61
29,5498,61
30,5883,61
31,6317,61
32,5387,61
33,7116,61
34,1921,61
35,5332,61
36,6343,61
37,6548,61
38,6569,61
39,6298,61
40,5828,61
1,6198,62
2,6089,62
3,4130,62
4,4893,62
5,1952,62
6,7267,62
7,5754,62
8,5930,62
9,5331,62
10,5855,62
11,6043,62
12,5010,62
13,4929,62
14,5999,62
14,4767,62
16,5793,62
17,5251,62
18,1909,62
19,6113,62
20,5917,62
21,2682,62
22,6210,62
23,4890,62
24,6013,62
25,5498,62
26,4632,62
27,5428,62
28,5000,62
29,1911,62
30,1913,62
31,5388,62
32,5332,62
33,1921,62
34,6563,62
35,7078,62
36,6343,62
37,5483,62
38,7215,62
39,7240,62
1,4130,63
2,6198,63
3,5930,63
4,7267,63
5,5855,63
6,4929,63
7,4893,63
8,5010,63
9,1952,63
10,5754,63
11,4767,63
12,6089,63
13,1909,63
14,5917,63
15,5498,63
16,6113,63
17,5428,63
18,5999,63
19,5331,63
20,4632,63
21,5251,63
22,6013,63
23,5793,63
24,5000,63
25,1913,63
26,6043,63
27,2682,63
28,6210,63
29,1911,63
30,5388,63
31,1921,63
32,6563,63
33,6343,63
34,5483,63
35,5332,63
36,7078,63
37,7240,63
38,7215,63
,4890,63
1,5010,64
2,4130,64
3,5855,64
4,5754,64
5,6090,64
6,1909,64
7,6089,64
8,6198,64
9,6113,64
10,7267,64
11,4929,64
12,1952,64
13,4893,64
13,5930,64
15,5999,64
16,5917,64
17,6595,64
18,6043,64
19,6013,64
20,4767,64
21,5793,64
22,5498,64
23,6388,64
24,1921,64
25,1911,64
26,5331,64
27,2682,64
28,4632,64
29,6210,64
30,1913,64
31,5251,64
32,5428,64
33,5388,64
34,6563,64
35,5483,64
36,6343,64
37,7078,64
38,7272,64
39,5332,64
,5000,64
1,4130,65
2,5010,65
3,6198,65
4,6113,65
5,5754,65
6,4929,65
7,5930,65
8,5999,65
9,7267,65
10,1909,65
11,6570,65
12,4893,65
13,6090,65
14,5855,65
15,6089,65
16,6043,65
17,6013,65
18,6197,65
19,2682,65
20,5917,65
21,4767,65
22,6388,65
22,5793,65
24,1913,65
25,6210,65
26,1952,65
27,4632,65
28,1921,65
29,5428,65
30,5388,65
31,6548,65
32,6555,65
33,5331,65
34,5000,65
35,6196,65
36,7078,65
37,6569,65
38,5332,65
39,6317,65
,5498,65
1,4130,66
2,5010,66
3,6090,66
4,1909,66
5,6198,66
6,7267,66
7,5855,66
8,6089,66
8,6570,66
10,5754,66
11,1913,66
12,4929,66
13,5917,66
14,6388,66
15,6043,66
16,6197,66
17,4632,66
18,6595,66
19,5498,66
20,1952,66
21,6210,66
22,5000,66
23,7116,66
24,5793,66
25,1911,66
26,6113,66
27,5251,66
28,4893,66
29,6794,66
30,4767,66
31,6013,66
32,6343,66
32,5883,66
34,6548,66
35,5388,66
36,5331,66
37,4890,66
38,5483,66
39,5332,66
40,5999,66
1,4130,67
2,5010,67
3,6198,67
4,1909,67
5,6090,67
6,6113,67
7,6089,67
8,5855,67
9,5754,67
10,4929,67
11,6388,67
12,6210,67
13,5498,67
14,6043,67
15,1913,67
16,4632,67
17,5999,67
18,6197,67
19,7267,67
20,5793,67
21,7116,67
22,1952,67
22,6013,67
24,1911,67
25,5917,67
26,6570,67
27,5930,67
28,6548,67
29,5388,67
30,4893,67
31,1921,67
32,5000,67
33,6595,67
34,5251,67
35,5483,67
36,4767,67
37,5714,67
38,5332,67
39,5331,67
40,4890,67
1,5010,68
2,6043,68
3,5855,68
4,7267,68
5,6113,68
6,4929,68
7,6198,68
8,4130,68
9,5754,68
10,4632,68
11,1909,68
12,4767,68
13,1913,68
14,4893,68
15,7116,68
16,6388,68
17,5388,68
18,5498,68
19,5930,68
20,6210,68
21,5917,68
22,5793,68
23,5000,68
24,6570,68
25,6089,68
26,1952,68
27,6013,68
28,6595,68
29,6196,68
30,6197,68
30,4538,68
32,4798,68
33,1921,68
34,5999,68
35,7272,68
36,5954,68
37,5387,68
38,5331,68
39,5251,68
40,5236,68
41,5483,68
42,6024,68
43,6343,68
44,6998,68
45,5332,68
46,2196,68
47,7224,68
48,6596,68
1,6198,69
2,5010,69
3,6570,69
4,4130,69
5,7267,69
6,6113,69
7,4929,69
8,5999,69
9,5754,69
10,5855,69
11,6089,69
12,4632,69
13,6043,69
14,5498,69
15,5793,69
16,4893,69
17,6595,69
18,7116,69
19,6210,69
20,5388,69
21,6197,69
22,5000,69
23,5954,69
24,1909,69
25,5930,69
26,6013,69
27,1913,69
28,6196,69
29,5331,69
30,5251,69
31,6343,69
32,1952,69
33,5917,69
34,5483,69
35,6388,69
36,4767,69
37,1921,69
38,5387,69
39,6596,69
40,7272,69
1,6198,70
2,4130,70
3,5855,70
4,1909,70
5,5999,70
6,6043,70
7,5010,70
8,4929,70
9,5930,70
10,6113,70
11,1952,70
12,4893,70
13,4632,70
14,5000,70
15,5754,70
16,6595,70
17,7116,70
18,5498,70
19,6596,70
20,6089,70
21,1913,70
22,6388,70
23,4767,70
24,1921,70
25,6210,70
26,6197,70
27,4798,70
28,6343,70
29,5251,70
30,5954,70
31,6998,70
32,5793,70
33,5917,70
34,6196,70
34,6024,70
36,6570,70
37,6013,70
38,5236,70
39,5483,70
40,5331,70
1,5855,71
2,4130,71
3,6198,71
4,6595,71
5,4893,71
6,5754,71
7,1909,71
8,6043,71
9,5999,71
10,6113,71
11,4632,71
12,4929,71
13,1913,71
14,4767,71
15,7267,71
16,5498,71
17,4890,71
18,6089,71
19,5010,71
20,5917,71
21,6197,71
22,6570,71
23,6548,71
24,5793,71
25,1921,71
26,6596,71
27,5930,71
28,7116,71
29,5483,71
30,6210,71
31,6013,71
32,6388,71
33,5331,71
34,5332,71
35,5000,71
36,5251,71
37,5388,71
38,6649,71
39,6343,71
40,5428,71
1,6198,72
2,4130,72
3,4929,72
4,1909,72
5,6043,72
6,5010,72
7,6089,72
8,5754,72
9,6570,72
10,5930,72
11,5917,72
12,5855,72
13,6113,72
14,1921,72
15,5331,72
16,5000,72
17,6090,72
18,6664,72
19,1913,72
20,6210,72
21,1952,72
22,5793,72
23,5251,72
24,6555,72
25,5388,72
26,4893,72
27,6343,72
28,6595,72
29,5498,72
30,7116,72
31,6197,72
32,6929,72
33,7267,72
34,5387,72
35,7078,72
36,5332,72
1,6198,73
2,4130,73
3,1909,73
4,4929,73
5,6570,73
6,6043,73
7,5930,73
8,6089,73
9,1952,73
10,1913,73
11,5331,73
12,5855,73
13,5010,73
14,6090,73
15,1921,73
16,6113,73
17,5793,73
18,6210,73
19,5000,73
20,5917,73
21,5251,73
22,5388,73
23,7267,73
24,6664,73
25,6197,73
26,6555,73
27,4893,73
28,6595,73
29,6343,73
30,7116,73
31,5754,73
32,5498,73
33,7078,73
34,6929,73
35,5332,73
36,5387,73
1,6198,74
2,4929,74
3,5754,74
4,4130,74
5,1909,74
6,6210,74
7,6570,74
8,5930,74
9,1921,74
10,5010,74
11,6043,74
12,6089,74
13,5855,74
14,5793,74
15,5331,74
16,7267,74
17,6113,74
18,7477,74
19,1952,74
20,6388,74
21,4893,74
22,6664,74
23,6555,74
24,6343,74
25,5498,74
26,6548,74
27,6197,74
28,5000,74
29,7116,74
30,2682,74
31,5388,74
32,6090,74
33,7272,74
34,7078,74
35,6310,74
36,5387,74
37,5917,74
38,6397,74
1,4130,75
2,4929,75
3,6570,75
4,6198,75
5,5855,75
6,1909,75
7,6043,75
8,6197,75
9,5930,75
10,1952,75
11,5000,75
12,7072,75
13,5010,75
14,1921,75
15,6388,75
16,6503,75
17,6113,75
18,5793,75
19,5917,75
20,6089,75
21,5883,75
22,1913,75
23,6548,75
24,6596,75
25,4893,75
26,7477,75
27,7213,75
28,5498,75
29,6555,75
30,5387,75
31,5388,75
32,6210,75
33,6090,75
34,7267,75
35,5331,75
36,7476,75
37,6343,75
38,2682,75
39,5714,75
,5754,75
1,4929,76
2,6198,76
3,5855,76
4,6570,76
5,1909,76
6,6043,76
7,6089,76
8,5000,76
9,7267,76
10,1952,76
11,5754,76
12,5883,76
13,4130,76
14,7072,76
15,5793,76
16,6197,76
17,5930,76
18,6113,76
18,1921,76
20,5010,76
21,1913,76
22,6555,76
22,4893,76
24,5917,76
25,6503,76
26,5498,76
27,6596,76
28,5714,76
29,7476,76
30,6210,76
31,6388,76
32,2682,76
33,6548,76
34,5331,76
35,7213,76
36,7477,76
37,6090,76
38,5387,76
39,7572,76
40,5388,76
1,6198,77
2,4130,77
3,1909,77
4,5930,77
5,6470,77
6,4929,77
7,6043,77
8,5855,77
9,6089,77
10,6570,77
11,5000,77
12,6197,77
13,6090,77
14,5883,77
15,1921,77
16,1952,77
17,5010,77
18,6388,77
19,6113,77
20,5754,77
20,5917,77
20,7027,77
23,6595,77
24,1913,77
25,6548,77
26,7267,77
27,6555,77
28,5793,77
29,7070,77
30,6210,77
31,5498,77
32,5388,77
32,7213,77
34,7476,77
35,6867,77
36,6929,77
37,2682,77
38,6503,77
39,6898,77
,6563,77
1,6198,78
2,4130,78
3,5930,78
4,4929,78
5,6043,78
5,5010,78
7,1909,78
8,6570,78
9,6470,78
10,6089,78
11,5855,78
12,6197,78
13,5917,78
14,1921,78
15,6388,78
16,6090,78
17,6113,78
18,1952,78
19,5883,78
20,5754,78
21,7070,78
22,1913,78
23,5000,78
24,6563,78
24,6343,78
26,7213,78
27,7476,78
28,6548,78
29,5388,78
30,7027,78
31,6595,78
31,6867,78
33,6555,78
34,6210,78
35,4893,78
36,2682,78
37,6929,78
38,7267,78
39,5793,78
40,7477,78
1,6198,79
2,5930,79
3,6043,79
4,4130,79
4,6470,79
6,4929,79
7,5754,79
8,6570,79
9,1909,79
10,1921,79
11,5388,79
12,6388,79
13,1952,79
14,6113,79
15,6210,79
16,6090,79
17,6197,79
18,6089,79
19,5855,79
20,6563,79
21,7267,79
22,5883,79
23,6867,79
24,6595,79
25,5010,79
26,5000,79
27,7477,79
28,5793,79
29,5331,79
30,5917,79
31,4893,79
1,6198,80
2,4130,80
3,5930,80
4,6470,80
5,1909,80
6,4929,80
7,6388,80
8,5754,80
9,6089,80
10,6043,80
11,6570,80
12,5917,80
13,5855,80
14,1921,80
14,6210,80
16,1913,80
17,6197,80
18,6595,80
19,5883,80
20,6090,80
21,7027,80
22,6555,80
23,5010,80
24,6548,80
25,4893,80
26,5000,80
27,5498,80
28,6664,80
29,6649,80
30,6503,80
31,7477,80
32,7219,80
33,6113,80
34,5251,80
35,7267,80
36,5793,80
37,7116,80
38,6929,80
39,6596,80
,1952,80
1,6198,81
2,4130,81
3,6470,81
4,4929,81
5,1909,81
6,6043,81
7,6570,81
8,6089,81
9,6197,81
10,5754,81
11,6388,81
12,5855,81
13,7027,81
14,1913,81
15,6595,81
16,1952,81
17,5917,81
18,1921,81
19,6210,81
20,6548,81
21,7267,81
22,5883,81
23,6090,81
24,5714,81
25,7070,81
26,6113,81
27,6649,81
28,5010,81
29,7116,81
30,7378,81
31,5930,81
32,7476,81
33,5388,81
34,5251,81
35,4893,81
36,5387,81
37,6898,81
38,6555,81
39,6503,81
40,5331,81
1,6198,82
2,4929,82
3,6470,82
4,7267,82
5,6388,82
6,4130,82
7,5754,82
8,6043,82
8,5917,82
10,5855,82
11,5010,82
12,6113,82
13,1952,82
14,6210,82
15,6089,82
16,6570,82
17,1909,82
18,6197,82
19,5930,82
20,6090,82
21,6555,82
22,6563,82
23,5883,82
24,1921,82
25,6595,82
26,5251,82
27,7116,82
28,5388,82
29,5498,82
30,7476,82
31,5331,82
32,5000,82
33,5236,82
34,2682,82
35,6013,82
36,6598,82
37,5387,82
38,7070,82
39,6596,82
40,6929,82
1,6198,83
2,4130,83
3,4929,83
4,7267,83
5,6043,83
6,6113,83
7,5754,83
8,5793,83
9,1909,83
10,5010,83
11,1952,83
12,6570,83
13,6388,83
14,5855,83
15,1921,83
16,6595,83
17,6197,83
17,6210,83
19,5917,83
20,5930,83
21,5388,83
22,2682,83
23,6470,83
24,5883,83
25,7116,83
26,5000,83
27,5498,83
28,6089,83
29,6211,83
30,6563,83
31,5251,83
32,6555,83
33,5331,83
34,6647,83
35,5236,83
36,6343,83
37,6598,83
38,5387,83
39,6090,83
40,6013,83
41,7070,83
1,6198,84
2,4130,84
3,1909,84
4,6570,84
5,5917,84
6,6113,84
7,6089,84
8,5855,84
9,6470,84
10,5930,84
11,5754,84
12,6043,84
13,6197,84
14,5793,84
15,7267,84
16,5883,84
17,6388,84
18,6210,84
19,1921,84
20,6090,84
21,5000,84
22,6595,84
23,4929,84
24,1952,84
25,6555,84
26,5388,84
27,2682,84
28,6929,84
29,5251,84
30,6563,84
31,7070,84
32,7476,84
33,6343,84
33,6013,84
35,5331,84
36,6024,84
37,5498,84
38,5236,84
39,5387,84
40,7116,84
1,6198,85
2,6470,85
3,4130,85
4,6570,85
5,1909,85
6,6113,85
7,6043,85
8,5930,85
9,5855,85
10,5754,85
11,6197,85
12,4929,85
13,6090,85
14,1952,85
15,5793,85
16,6388,85
17,6210,85
18,1921,85
19,5883,85
20,6595,85
21,5331,85
22,5251,85
23,5498,85
24,6563,85
25,7267,85
26,7476,85
27,5000,85
28,6089,85
29,5388,85
30,6013,85
31,6637,85
32,2682,85
33,7116,85
34,5236,85
35,5010,85
36,7070,85
37,6929,85
38,6395,85
39,6596,85
40,5917,85
1,6198,86
2,5754,86
3,6570,86
4,4929,86
5,6090,86
6,5930,86
7,5010,86
8,6113,86
9,4130,86
10,1909,86
11,1952,86
12,5793,86
13,4893,86
14,7267,86
15,5917,86
16,6595,86
17,6043,86
18,6555,86
19,5883,86
20,1921,86
21,5331,86
22,7116,86
23,6563,86
24,6388,86
25,5855,86
26,6197,86
27,5498,86
28,6013,86
29,5000,86
30,5388,86
31,6210,86
31,6470,86
33,6343,86
34,5251,86
35,7476,86
36,7272,86
37,7070,86
38,6089,86
39,5332,86
40,7469,86
1,4130,87
2,6198,87
3,7267,87
4,5010,87
5,5754,87
6,5793,87
7,6113,87
8,1952,87
9,6343,87
10,1909,87
11,5917,87
12,4893,87
13,6570,87
14,4929,87
14,5930,87
16,6470,87
17,6090,87
18,6595,87
18,5855,87
20,6043,87
20,6089,87
22,6210,87
23,1921,87
24,6555,87
25,5000,87
26,5498,87
27,7116,87
28,6388,87
29,6563,87
30,6197,87
31,5883,87
32,5331,87
33,5251,87
34,5388,87
34,7476,87
36,7070,87
37,6596,87
38,6013,87
39,5332,87
40,7272,87
1,6198,88
2,4929,88
3,5930,88
4,4130,88
5,6570,88
6,1909,88
7,7267,88
8,1921,88
9,1952,88
10,5754,88
11,6090,88
12,6595,88
13,6043,88
14,6555,88
15,5010,88
16,6388,88
17,5331,88
18,5388,88
19,5855,88
20,6210,88
21,6563,88
22,4893,88
22,5251,88
24,5883,88
25,6113,88
26,5000,88
27,6089,88
28,7116,88
29,6343,88
30,6898,88
31,5917,88
32,6013,88
32,6470,88
34,6867,88
35,5498,88
36,7378,88
37,7477,88
38,6600,88
39,7272,88
40,6197,88
1,5754,89
2,6198,89
3,5930,89
4,6113,89
5,1909,89
6,6470,89
7,5010,89
8,6570,89
9,5251,89
10,6388,89
11,4929,89
12,6210,89
13,1921,89
14,5793,89
15,5855,89
16,6013,89
17,6197,89
18,5714,89
19,6089,89
20,6343,89
21,5999,89
22,5388,89
23,7477,89
24,1952,89
25,2682,89
26,6595,89
27,6867,89
28,7153,89
29,7224,89
1,6198,90
2,5754,90
3,5930,90
4,6470,90
5,6388,90
6,5714,90
7,5793,90
8,6089,90
9,6595,90
10,4929,90
11,7116,90
12,6197,90
13,6664,90
14,6343,90
15,7027,90
16,1952,90
17,6210,90
18,7476,90
19,7574,90
20,6929,90
21,6548,90
22,6791,90
23,2682,90
24,7573,90
25,5332,90
26,7571,90
27,6596,90
28,5498,90
29,7575,90
30,5331,90
31,7572,90
32,7168,90
1,5754,91
2,6198,91
3,6470,91
4,5930,91
5,5714,91
6,6388,91
7,6089,91
8,5793,91
9,6210,91
10,7116,91
11,4929,91
12,2682,91
13,6197,91
14,7476,91
15,7027,91
16,1952,91
17,6664,91
18,6548,91
19,6791,91
20,6595,91
21,6343,91
22,7574,91
23,6596,91
24,5498,91
25,6929,91
26,7573,91
27,5331,91
28,7575,91
29,5332,91
30,7168,91
31,7572,91
,7571,91
1,6113,92
2,5010,92
3,5251,92
4,5930,92
5,1909,92
5,6470,92
7,6503,92
8,4130,92
9,6570,92
10,1921,92
11,4929,92
12,5714,92
13,6089,92
14,5855,92
15,6898,92
16,5793,92
17,6197,92
18,5331,92
19,7027,92
20,7476,92
21,6210,92
22,2682,92
23,6598,92
24,1913,92
25,7153,92
26,6013,92
27,6343,92
28,7224,92
29,7116,92
30,6563,92
31,6595,92
32,6791,92
33,5388,92
34,6708,92
35,6867,92
36,7477,92
37,6596,92
38,7669,92
39,5498,92
40,6631,92
1,5930,93
2,4130,93
3,6113,93
4,5010,93
5,6470,93
6,1909,93
7,6503,93
8,5251,93
9,6570,93
10,4929,93
11,5793,93
12,6089,93
13,5855,93
14,1921,93
15,5714,93
16,6013,93
17,1913,93
18,7027,93
19,7153,93
20,6210,93
20,6343,93
22,6197,93
22,2682,93
24,5388,93
25,7224,93
26,5331,93
27,6791,93
28,6595,93
29,7476,93
30,7116,93
31,6563,93
32,6898,93
32,7477,93
34,6867,93
35,6598,93
36,6708,93
37,6631,93
38,6596,93
39,5498,93
40,7669,93
1,6198,94
2,5010,94
3,5930,94
4,4130,94
5,6113,94
6,6570,94
7,5754,94
8,1909,94
9,5251,94
10,4929,94
11,5714,94
12,7153,94
13,6388,94
14,5855,94
15,5793,94
16,6197,94
17,5999,94
18,6013,94
19,6043,94
20,6210,94
21,2682,94
22,1921,94
23,6343,94
24,6791,94
25,6089,94
26,5331,94
27,5388,94
28,6929,94
29,1952,94
30,7530,94
31,5498,94
32,1913,94
33,1917,94
34,7669,94
35,7224,94
36,6600,94
37,6598,94
38,6310,94
39,6599,94
40,6647,94
1,6198,95
2,6113,95
3,5010,95
4,5754,95
5,4130,95
6,6570,95
7,6388,95
8,5930,95
9,1909,95
10,5251,95
11,6089,95
12,5855,95
13,4929,95
14,5999,95
15,6043,95
16,5793,95
17,7153,95
18,2682,95
19,6210,95
20,6197,95
21,5714,95
22,6013,95
23,6791,95
24,1952,95
25,1921,95
26,7530,95
27,5331,95
28,6343,95
29,7669,95
30,5498,95
31,1913,95
32,6929,95
33,1917,95
34,7224,95
35,6310,95
36,6600,95
37,6598,95
38,6647,95
39,6599,95
,5388,95
1,6198,96
2,5930,96
3,4130,96
4,5754,96
5,6113,96
6,5010,96
7,6043,96
8,5251,96
9,6388,96
10,5999,96
11,1909,96
12,6570,96
13,6089,96
14,4929,96
15,5855,96
16,1921,96
17,6210,96
18,5714,96
19,5388,96
20,2682,96
21,7153,96
22,6013,96
23,5793,96
24,6563,96
25,6090,96
26,5331,96
27,1952,96
28,6197,96
29,5498,96
30,7224,96
31,6343,96
32,6791,96
33,6598,96
34,1913,96
35,7530,96
36,5332,96
37,6600,96
38,6310,96
39,7239,96
40,6647,96
41,6599,96
1,5930,97
2,6198,97
3,5754,97
4,5010,97
5,5251,97
6,4130,97
6,6113,97
8,6570,97
9,4929,97
10,6388,97
11,6089,97
12,6013,97
13,1909,97
14,5999,97
15,1921,97
16,5855,97
17,5388,97
18,6043,97
19,5714,97
20,5793,97
21,6210,97
22,2682,97
23,6343,97
24,6563,97
25,6197,97
26,5331,97
27,1952,97
28,7153,97
29,6090,97
30,6791,97
31,1913,97
32,6600,97
33,7224,97
34,7530,97
35,6598,97
36,5332,97
37,5498,97
38,6310,97
39,7239,97
40,6599,97
41,6647,97
1,5754,98
2,6198,98
3,5930,98
4,6503,98
5,6113,98
6,6470,98
7,5010,98
8,6043,98
9,6210,98
10,4929,98
11,1909,98
12,5855,98
13,5251,98
14,6089,98
15,4130,98
16,5999,98
17,6570,98
18,6388,98
19,1913,98
20,7072,98
21,6197,98
22,2682,98
23,4798,98
24,6395,98
25,6013,98
26,5388,98
27,6343,98
28,7153,98
29,5331,98
30,5714,98
31,6563,98
32,7476,98
33,1952,98
34,5793,98
35,6595,98
36,7224,98
37,6090,98
38,6596,98
39,5498,98
40,1921,98
41,6929,98
1,5754,99
2,6503,99
3,6043,99
4,5010,99
5,6198,99
6,5930,99
7,6388,99
8,6470,99
9,5855,99
10,4130,99
11,5999,99
12,6089,99
13,5251,99
14,6113,99
15,1913,99
16,7072,99
17,6570,99
18,6210,99
19,1921,99
20,6090,99
21,6197,99
22,6596,99
23,5714,99
24,6595,99
25,6013,99
26,5388,99
27,6563,99
28,4798,99
29,7476,99
30,1952,99
31,6395,99
32,6791,99
33,2682,99
34,6929,99
35,6343,99
36,4929,99
37,1909,99
38,5793,99
39,7153,99
40,7224,99
1,5930,100
2,5754,100
3,6113,100
4,6198,100
5,5010,100
6,6043,100
7,4130,100
8,4929,100
9,5251,100
10,6503,100
11,6470,100
12,5999,100
13,6210,100
14,5855,100
15,6570,100
16,1909,100
17,6595,100
18,6089,100
19,6388,100
20,6343,100
21,5388,100
22,6013,100
23,7116,100
24,5331,100
25,1921,100
26,7072,100
27,5793,100
27,6197,100
29,1913,100
30,5714,100
31,6395,100
32,2682,100
33,6090,100
34,7476,100
34,4798,100
36,6563,100
37,6649,100
38,6929,100
39,5332,100
40,7267,100
1,5754,101
2,6198,101
3,5930,101
4,6470,101
5,5010,101
6,6043,101
7,6113,101
8,5251,101
9,1909,101
10,6503,101
11,4929,101
12,6388,101
13,5999,101
14,5855,101
15,7116,101
16,4130,101
17,6570,101
18,6343,101
19,6210,101
20,5714,101
21,6090,101
21,5388,101
23,6197,101
24,6595,101
25,6013,101
25,1913,101
27,6089,101
28,1952,101
29,6395,101
30,1921,101
31,5793,101
32,7153,101
33,7224,101
34,2682,101
35,6563,101
36,6649,101
37,4798,101
38,6596,101
39,7072,101
40,6998,101
1,6198,102
2,6470,102
3,6043,102
4,5754,102
5,4130,102
6,5930,102
7,5251,102
8,5010,102
9,6570,102
10,6113,102
11,6388,102
12,6089,102
13,4929,102
14,6210,102
15,6090,102
16,5999,102
17,1921,102
18,6595,102
19,5793,102
20,6013,102
21,6503,102
22,5855,102
23,6649,102
24,7153,102
25,6343,102
26,7476,102
27,6197,102
28,7116,102
29,7072,102
30,5331,102
31,6664,102
32,1909,102
33,5714,102
34,1913,102
35,6563,102
36,6596,102
37,6929,102
38,7027,102
39,1952,102
40,2682,102
1,6198,103
2,6043,103
3,5754,103
4,6113,103
5,5010,103
6,6570,103
7,6470,103
8,4929,103
9,5999,103
10,1909,103
11,6210,103
12,4130,103
13,5251,103
14,5930,103
15,6664,103
16,6388,103
17,6596,103
18,6090,103
19,6013,103
20,1952,103
21,6197,103
22,5793,103
23,6343,103
24,7476,103
25,7072,103
26,6548,103
27,6595,103
27,6089,103
29,6503,103
30,6929,103
31,5855,103
32,1921,103
33,5714,103
34,7116,103
35,7153,103
36,2682,103
37,7027,103
38,1913,103
39,6649,103
40,5388,103
1,6198,104
2,4130,104
3,1909,104
4,5930,104
5,6043,104
6,7153,104
7,6470,104
8,5754,104
9,6113,104
10,5999,104
11,6596,104
12,6388,104
13,4929,104
14,5883,104
15,5251,104
16,6343,104
17,7072,104
18,6563,104
19,6503,104
20,6090,104
21,5010,104
22,6570,104
23,5855,104
24,6595,104
25,5498,104
26,6013,104
27,7224,104
28,6210,104
29,5793,104
30,7267,104
31,1952,104
32,7477,104
33,6197,104
34,7571,104
35,6089,104
36,1921,104
37,7476,104
38,5331,104
39,6649,104
40,7070,104
1,5930,105
2,4130,105
3,6198,105
4,5754,105
5,1909,105
6,6470,105
7,5498,105
8,6113,105
9,6043,105
10,6388,105
11,5251,105
12,5010,105
13,5883,105
14,5999,105
15,4929,105
16,7072,105
17,5855,105
18,6570,105
19,6343,105
20,1952,105
21,6503,105
22,6013,105
23,6563,105
24,5714,105
25,6595,105
26,6090,105
27,5793,105
28,5388,105
29,7224,105
30,6089,105
31,7477,105
32,5331,105
33,7153,105
34,1917,105
34,6649,105
36,7574,105
37,6197,105
38,6898,105
39,7272,105
40,6929,105
1,6198,106
2,5754,106
3,1909,106
4,4130,106
5,4929,106
6,5930,106
7,6043,106
8,5999,106
9,5883,106
10,6470,106
11,6113,106
12,5010,106
13,5793,106
14,5251,106
15,7153,106
16,5714,106
17,6570,106
18,1952,106
19,5855,106
20,6563,106
21,5498,106
22,6013,106
23,1921,106
24,6388,106
25,7072,106
26,6197,106
27,6210,106
28,5388,106
29,6596,106
30,6791,106
31,6595,106
32,6090,106
33,7224,106
34,6555,106
34,7267,106
36,6343,106
37,6503,106
38,7574,106
39,6649,106
40,6898,106
1,6198,107
2,5754,107
3,5883,107
4,1909,107
5,4929,107
6,4130,107
7,6113,107
8,6043,107
9,5251,107
10,6470,107
11,5999,107
12,7153,107
13,5010,107
14,1921,107
15,5855,107
16,6595,107
17,5714,107
18,5498,107
19,6210,107
20,5388,107
21,6503,107
22,5930,107
23,6343,107
24,6388,107
25,6563,107
26,6791,107
27,6013,107
28,5793,107
29,1952,107
30,7224,107
31,7267,107
32,6570,107
33,5000,107
34,7477,107
35,6898,107
36,6555,107
37,6929,107
38,6089,107
39,5332,107
40,7213,107
,7476,107
1,6198,108
2,4130,108
3,5930,108
4,6388,108
5,6197,108
6,5754,108
7,6113,108
8,5010,108
8,5714,108
10,1952,108
11,6043,108
12,7183,108
13,6470,108
14,6570,108
15,7072,108
16,6867,108
17,5855,108
18,1909,108
19,6898,108
20,7439,108
21,6595,108
22,6210,108
23,7477,108
24,5883,108
25,6503,108
26,7153,108
27,6343,108
28,7629,108
29,5793,108
30,6563,108
31,6395,108
32,7267,108
33,7214,108
34,7116,108
35,7271,108
36,5999,108
37,7530,108
38,7437,108
39,6013,108
40,7801,108
1,6198,109
2,4130,109
3,5930,109
4,5010,109
5,5754,109
6,6470,109
7,6867,109
8,6113,109
9,6043,109
10,7439,109
11,7183,109
12,6388,109
13,1909,109
14,5855,109
15,5714,109
16,6570,109
17,6197,109
18,7477,109
19,6503,109
20,6210,109
21,1952,109
22,7072,109
23,5883,109
24,7116,109
25,7027,109
26,5999,109
27,7267,109
28,6898,109
29,7437,109
30,6595,109
31,6343,109
31,7271,109
33,5793,109
34,7629,109
35,6013,109
35,6563,109
37,6089,109
38,6548,109
39,4767,109
40,7153,109
1,5930,110
2,4130,110
3,5754,110
4,6198,110
5,5010,110
6,6113,110
7,6867,110
8,6570,110
9,6043,110
10,1909,110
11,6210,110
12,6197,110
13,6388,110
14,6470,110
15,5714,110
16,7477,110
17,7072,110
18,6595,110
19,7153,110
20,1952,110
21,5793,110
22,6503,110
22,6343,110
24,6563,110
25,6013,110
26,6898,110
27,7116,110
1,5930,111
2,6113,111
3,7072,111
4,6198,111
5,5010,111
6,4130,111
7,6043,111
8,6470,111
8,1952,111
10,1909,111
11,6867,111
12,6197,111
13,5714,111
14,7439,111
15,6343,111
16,6210,111
17,6898,111
18,6570,111
19,5754,111
20,7477,111
21,5917,111
22,7267,111
23,7629,111
24,5883,111
25,6388,111
26,6013,111
27,6595,111
28,7530,111
29,5793,111
30,6503,111
31,7153,111
32,7437,111
33,6563,111
34,6395,111
35,4929,111
36,1921,111
37,7116,111
38,6089,111
39,6596,111
40,7078,111
1,6113,112
2,5930,112
3,5010,112
4,7072,112
5,1952,112
6,6043,112
7,6198,112
8,6470,112
9,5754,112
10,6197,112
11,6570,112
12,6867,112
13,4130,112
14,7477,112
15,5793,112
16,6210,112
17,5714,112
18,7153,112
19,5883,112
20,5917,112
21,6898,112
21,6595,112
23,7439,112
24,4929,112
25,6343,112
26,7530,112
27,1909,112
28,6503,112
29,6013,112
30,6563,112
31,7437,112
32,6596,112
33,6395,112
34,7629,112
35,7267,112
36,6388,112
37,7078,112
38,7116,112
39,6089,112
40,1921,112
1,4130,113
2,5930,113
3,6113,113
4,6198,113
5,5010,113
6,6043,113
7,5754,113
8,1952,113
9,6470,113
10,6570,113
11,6197,113
12,7072,113
13,1909,113
14,5714,113
15,6210,113
16,7629,113
17,7477,113
18,6343,113
19,5855,113
19,6503,113
21,6595,113
22,6898,113
23,6388,113
24,6867,113
25,6013,113
26,1921,113
27,6596,113
28,6598,113
29,6664,113
30,7476,113
31,5793,113
32,4929,113
33,7267,113
34,7116,113
35,7078,113
36,7128,113
37,7494,113
38,7858,113
39,7437,113
40,5000,113
1,5930,114
2,6113,114
3,6198,114
4,4130,114
5,5010,114
6,6470,114
7,6570,114
7,7072,114
9,6043,114
10,1952,114
11,5754,114
12,6197,114
13,5855,114
14,6210,114
15,6503,114
16,1909,114
17,6898,114
18,7477,114
19,7629,114
20,5714,114
21,6867,114
22,5793,114
23,6013,114
24,4929,114
25,6388,114
26,5917,114
27,7439,114
28,6595,114
29,7476,114
30,6598,114
31,7116,114
32,1921,114
33,6343,114
34,6596,114
35,5000,114
36,7267,114
37,7437,114
38,6664,114
39,7801,114
40,7078,114
1,5930,115
2,5754,115
3,6198,115
4,7072,115
5,6043,115
6,6388,115
7,1952,115
8,6470,115
9,5714,115
10,6210,115
11,6563,115
12,6570,115
13,6343,115
14,1909,115
15,6197,115
16,6600,115
17,6595,115
18,7116,115
19,6867,115
20,7477,115
21,7476,115
22,6596,115
23,4798,115
24,1921,115
25,6664,115
26,5793,115
26,6395,115
28,5855,115
29,5883,115
30,4767,115
31,4929,115
32,6598,115
33,6929,115
34,6503,115
35,5917,115
36,5999,115
37,6089,115
38,7573,115
39,7571,115
40,7574,115
40,7213,115
42,7224,115
43,7183,115
44,2682,115
45,6090,115
46,5331,115
47,5498,115
48,7575,115
49,7168,115
50,5388,115
1,5930,116
2,6570,116
3,6043,116
4,6198,116
5,5754,116
6,6470,116
7,7072,116
8,6388,116
9,6503,116
10,6197,116
11,5855,116
12,6210,116
13,6600,116
14,1921,116
15,6867,116
16,1909,116
17,7477,116
18,5793,116
19,5714,116
20,6595,116
21,4798,116
22,5883,116
23,6343,116
24,6598,116
25,7116,116
26,6664,116
27,6395,116
28,4929,116
29,6929,116
30,7574,116
31,7571,116
32,6563,116
33,7476,116
34,1952,116
35,5999,116
36,7183,116
37,7213,116
38,7224,116
39,7308,116
40,7575,116
1,5930,117
2,6198,117
3,6113,117
4,6043,117
5,5754,117
6,6570,117
7,5010,117
8,6470,117
9,6197,117
10,6210,117
11,1909,117
12,5714,117
13,6600,117
14,6595,117
15,6867,117
16,1952,117
17,7477,117
18,7116,117
19,5793,117
20,6596,117
21,6898,117
22,6563,117
23,6388,117
24,1921,117
25,6090,117
26,6598,117
27,6343,117
28,7575,117
29,6395,117
30,7571,117
31,2682,117
32,5855,117
33,7213,117
34,4929,117
35,6929,117
36,7476,117
37,7574,117
38,7168,117
39,7573,117
,7072,117
1,5930,118
2,6113,118
3,6198,118
4,5754,118
5,6043,118
6,6197,118
7,5010,118
7,6570,118
9,6898,118
10,6600,118
11,6388,118
12,5714,118
13,1909,118
14,1952,118
15,6395,118
16,6867,118
17,7116,118
18,6595,118
19,6563,118
20,6664,118
21,6343,118
22,7072,118
23,2682,118
24,5793,118
25,6598,118
26,4929,118
27,5954,118
28,4798,118
29,6090,118
30,7571,118
31,5855,118
32,1921,118
33,6929,118
34,7476,118
35,6596,118
36,7500,118
37,5331,118
,6210,118
,7213,118
,7574,118
1,5930,119
2,6113,119
3,6198,119
4,5714,119
5,5754,119
6,5010,119
7,6570,119
8,1952,119
9,6210,119
10,6470,119
11,6197,119
12,6043,119
13,7072,119
14,6503,119
15,1909,119
16,7116,119
17,7153,119
18,5917,119
19,5855,119
20,6388,119
21,6898,119
22,6013,119
23,6664,119
24,5793,119
25,6343,119
26,7477,119
27,6867,119
27,1921,119
29,6563,119
30,6600,119
31,6596,119
32,7213,119
33,6595,119
34,6598,119
34,5332,119
34,7530,119
37,6090,119
38,7292,119
39,6089,119
40,7476,119
1,6113,120
2,5930,120
3,6198,120
4,6043,120
5,5754,120
6,5010,120
7,5251,120
8,6197,120
9,6898,120
10,6013,120
11,6470,120
12,7072,120
13,1952,120
14,7153,120
15,6503,120
16,1909,120
17,5855,120
18,6570,120
19,6388,120
20,7477,120
21,6867,120
22,4929,120
23,6600,120
24,6563,120
25,6595,120
26,6210,120
27,5793,120
28,7116,120
29,5917,120
1,6113,121
2,5930,121
3,5754,121
4,6198,121
5,5251,121
6,6043,121
7,5010,121
8,6898,121
9,5855,121
10,7072,121
11,7153,121
12,1952,121
13,6388,121
14,7116,121
14,6197,121
16,6570,121
17,6503,121
18,6013,121
19,6210,121
20,6470,121
21,7477,121
22,1909,121
23,6867,121
24,6563,121
25,5883,121
26,6600,121
27,5793,121
28,4929,121
29,6595,121
30,5917,121
31,7213,121
32,2682,121
33,6596,121
34,6089,121
35,7629,121
36,7530,121
37,7573,121
38,6598,121
39,6929,121
40,6649,121
1,5930,122
2,6113,122
3,5010,122
4,6198,122
5,5754,122
6,5251,122
7,6043,122
8,7116,122
9,5855,122
10,6197,122
11,1952,122
12,6570,122
13,6013,122
14,6898,122
15,6388,122
16,6210,122
17,6503,122
18,7072,122
19,5917,122
20,1909,122
20,6563,122
22,5793,122
23,6595,122
24,5883,122
25,7477,122
26,6470,122
27,6600,122
28,6867,122
29,7629,122
30,6089,122
31,1921,122
32,4929,122
33,2682,122
34,7573,122
35,6596,122
36,5332,122
37,7571,122
38,6343,122
,7153,122
,7530,122
1,5930,123
2,1952,123
3,7072,123
4,1909,123
5,6113,123
6,6570,123
7,5754,123
8,6198,123
9,6197,123
10,7477,123
11,7267,123
12,5010,123
13,7439,123
14,6681,123
15,1921,123
16,6388,123
17,6867,123
18,6898,123
19,6596,123
20,6210,123
21,6595,123
22,7726,123
23,7154,123
24,5855,123
25,6563,123
26,7153,123
27,5251,123
28,5793,123
29,7271,123
30,4929,123
1,1952,124
2,6113,124
3,6198,124
4,1909,124
5,6570,124
6,7072,124
7,5930,124
8,6197,124
9,7267,124
10,6867,124
11,6595,124
12,6681,124
13,7477,124
14,5754,124
15,5855,124
16,1921,124
17,5010,124
18,6898,124
19,6596,124
20,6043,124
21,6388,124
22,7439,124
23,7154,124
24,6563,124
25,5251,124
26,7153,124
27,7726,124
28,4929,124
29,5793,124
30,7476,124
31,7271,124
32,6210,124
33,6089,124
34,6791,124
35,7579,124
36,7629,124
37,7789,124
38,7128,124
39,5332,124
40,8199,124
1,1952,125
2,5930,125
3,6113,125
4,7072,125
5,6198,125
6,6197,125
7,6570,125
8,7267,125
9,6867,125
10,5754,125
11,6595,125
12,6681,125
13,7477,125
14,6596,125
15,1909,125
16,5855,125
17,6898,125
18,6388,125
19,7726,125
20,7439,125
21,6563,125
22,7153,125
23,5010,125
24,7271,125
25,1921,125
26,5251,125
27,6210,125
28,7476,125
29,5793,125
30,4929,125
31,6791,125
32,5332,125
33,6089,125
34,7789,125
35,7579,125
36,7128,125
,7154,125
,6043,125
1,1952,126
2,5930,126
3,6867,126
4,6113,126
5,7267,126
6,6898,126
7,6570,126
8,5754,126
9,6198,126
10,7726,126
11,6197,126
12,1909,126
13,7477,126
14,6596,126
15,6595,126
16,7072,126
17,5855,126
18,6043,126
19,6681,126
20,7154,126
21,5010,126
22,7271,126
23,6563,126
24,6388,126
25,5793,126
26,5251,126
27,7153,126
28,1921,126
29,4929,126
30,6089,126
31,5331,126
32,7476,126
33,6791,126
34,6210,126
35,7439,126
36,7629,126
37,5332,126
38,7016,126
39,7128,126
40,8199,126
1,5930,127
2,1952,127
3,7267,127
4,4130,127
5,6113,127
6,6198,127
7,6570,127
8,7072,127
9,5754,127
10,6867,127
11,6596,127
12,7477,127
13,7154,127
14,6197,127
15,6898,127
16,1921,127
17,5010,127
18,1909,127
19,6681,127
20,5793,127
21,6388,127
22,7437,127
23,7789,127
24,5855,127
25,7439,127
26,6210,127
27,6563,127
28,5251,127
29,6089,127
30,4929,127
31,6875,127
32,7153,127
33,7233,127
34,6595,127
35,7070,127
36,7378,127
37,6998,127
38,6795,127
39,7476,127
,7321,127
1,5930,128
2,6113,128
3,7267,128
4,4130,128
5,1952,128
6,7072,128
7,7477,128
8,5754,128
9,6867,128
10,1921,128
11,6898,128
12,7439,128
13,6596,128
14,6198,128
15,7154,128
16,6563,128
17,7437,128
18,6197,128
18,6570,128
20,5251,128
21,7789,128
22,5010,128
23,6681,128
24,5793,128
25,6388,128
26,6210,128
27,7271,128
28,7233,128
29,7378,128
30,6595,128
31,6089,128
32,7153,128
33,6875,128
34,1909,128
35,5883,128
36,7476,128
37,7321,128
38,4929,128
39,5855,128
40,6998,128
41,5332,128
1,4130,129
2,1952,129
3,6113,129
4,6198,129
5,5930,129
6,6570,129
7,5714,129
8,7072,129
9,6867,129
10,5754,129
11,7267,129
12,6388,129
13,5855,129
14,6681,129
15,6197,129
16,6595,129
17,7477,129
18,5010,129
19,7439,129
20,6898,129
21,1909,129
22,5793,129
23,6596,129
24,5883,129
25,7321,129
26,5251,129
27,6875,129
28,6998,129
29,6210,129
30,7271,129
31,7070,129
32,7476,129
33,6563,129
34,7154,129
35,7153,129
36,1921,129
37,6089,129
37,7233,129
39,4929,129
40,7789,129
1,5930,130
2,1952,130
3,6198,130
4,6113,130
5,5754,130
6,7267,130
7,5010,130
8,7072,130
9,6197,130
10,7477,130
11,6570,130
12,6898,130
13,5714,130
14,6867,130
15,7439,130
16,5855,130
17,6681,130
18,5251,130
19,5883,130
20,1909,130
21,7271,130
22,6210,130
23,6595,130
24,6388,130
25,1921,130
26,6596,130
27,7437,130
28,7154,130
29,6875,130
30,4929,130
31,6563,130
32,7027,130
33,7321,130
34,7372,130
35,7789,130
36,5793,130
37,7476,130
38,7726,130
39,6548,130
40,6791,130
1,5930,131
2,6113,131
3,6197,131
4,6198,131
5,6570,131
6,1952,131
7,7477,131
8,5010,131
9,5714,131
10,6867,131
11,5754,131
12,7267,131
13,6681,131
14,6898,131
15,7726,131
16,1909,131
17,6388,131
18,7072,131
19,6210,131
20,7439,131
21,5855,131
22,5251,131
23,6595,131
24,5883,131
25,7027,131
26,1921,131
27,4929,131
28,7372,131
29,7476,131
30,6791,131
31,7437,131
32,6563,131
33,5793,131
34,6596,131
35,7789,131
36,6875,131
37,6548,131
38,7070,131
,7271,131
,7154,131
1,6198,132
2,5930,132
3,1952,132
4,7072,132
5,7271,132
6,6595,132
7,6898,132
8,6596,132
9,6197,132
10,6113,132
11,6570,132
12,5010,132
13,7267,132
14,7439,132
15,6867,132
16,5754,132
17,5883,132
18,1921,132
19,7154,132
20,1909,132
21,7437,132
22,7477,132
23,7476,132
24,7726,132
25,7378,132
26,7233,132
27,5793,132
28,6388,132
29,6089,132
30,7070,132
31,5251,132
32,4929,132
33,6791,132
34,6548,132
35,6681,132
36,7153,132
37,5855,132
38,6563,132
39,6210,132
40,7669,132
41,6013,132
42,6875,132
43,7183,132
44,7168,132
45,7078,132
46,6795,132
47,5332,132
48,6649,132
49,7597,132
50,6310,132
51,5331,132
52,7575,132
53,7494,132
54,7281,132
55,7507,132
56,7766,132
,7629,132
,7789,132
,7239,132
1,5930,133
2,6198,133
3,6197,133
4,6113,133
5,1952,133
6,7072,133
7,7267,133
8,7271,133
9,5010,133
10,6867,133
11,6570,133
12,5754,133
13,1909,133
14,5855,133
15,6898,133
16,6595,133
17,7726,133
18,6681,133
19,5883,133
20,6596,133
21,6388,133
22,7477,133
23,7154,133
24,7439,133
25,7437,133
26,5793,133
27,5251,133
28,6548,133
29,6563,133
30,7233,133
31,7153,133
32,7183,133
33,6089,133
34,7070,133
35,6875,133
36,7789,133
37,6791,133
38,7669,133
39,7629,133
40,7378,133
1,5930,134
2,6198,134
3,6113,134
4,1952,134
5,6570,134
6,5010,134
7,6898,134
8,5754,134
9,6867,134
10,7267,134
11,6596,134
12,7072,134
13,6595,134
14,7271,134
15,5883,134
16,7477,134
17,6197,134
18,5855,134
19,4929,134
20,5714,134
21,5251,134
22,6681,134
23,1909,134
24,7154,134
25,7439,134
26,6388,134
27,7153,134
28,5793,134
29,6598,134
30,7437,134
31,6563,134
32,6210,134
33,6791,134
34,6013,134
35,6089,134
36,7233,134
37,7183,134
38,7669,134
39,7476,134
40,7213,134
1,5930,135
2,1952,135
3,6113,135
4,6198,135
5,7072,135
6,5010,135
7,6867,135
7,7271,135
9,6197,135
10,6570,135
11,6681,135
12,6595,135
13,5714,135
14,7477,135
15,5754,135
16,5883,135
17,7267,135
18,6898,135
19,5251,135
20,5793,135
21,7439,135
22,1909,135
23,6210,135
24,5855,135
25,6013,135
26,6388,135
27,6791,135
28,6089,135
29,7153,135
30,4929,135
31,7378,135
32,6563,135
33,6598,135
34,7070,135
35,7437,135
36,6596,135
37,6649,135
38,7213,135
39,6875,135
40,7476,135
1,5930,136
2,5010,136
3,1952,136
4,7267,136
5,6113,136
6,7072,136
7,6198,136
8,5714,136
9,6570,136
10,6867,136
11,4130,136
12,6595,136
13,1909,136
14,6197,136
15,5883,136
16,6681,136
17,6596,136
18,5855,136
19,6013,136
20,4929,136
21,6563,136
22,1921,136
23,5793,136
24,6598,136
25,7476,136
26,6548,136
27,7575,136
28,6043,136
29,6791,136
30,5332,136
31,6795,136
32,6599,136
33,6631,136
34,6555,136
35,5331,136
36,7494,136
37,8318,136
38,7239,136
39,8317,136
40,7574,136
,6089,136
1,5930,137
2,6113,137
3,6198,137
4,1952,137
5,7072,137
6,6867,137
7,6570,137
8,5010,137
9,7267,137
10,5883,137
11,1909,137
12,6197,137
13,6595,137
14,4130,137
15,5714,137
16,6596,137
17,6598,137
18,6681,137
19,4929,137
20,6089,137
21,5855,137
22,6548,137
23,1921,137
24,6013,137
25,6563,137
26,5793,137
27,6791,137
28,7476,137
29,6043,137
30,5332,137
31,7575,137
32,6555,137
33,5331,137
34,6795,137
35,6599,137
36,6631,137
37,7574,137
38,7239,137
39,8317,137
40,7494,137
41,8318,137
,6600,137
1,5930,138
2,6867,138
3,5010,138
4,7267,138
5,4130,138
6,6198,138
7,6596,138
8,6113,138
9,5714,138
10,7271,138
11,5754,138
12,7072,138
13,6388,138
14,6570,138
15,1921,138
16,6197,138
17,5883,138
18,1952,138
19,6595,138
20,7477,138
21,6089,138
22,6210,138
23,5793,138
24,6013,138
25,6791,138
26,7153,138
27,1909,138
28,7476,138
29,6681,138
30,4798,138
31,6548,138
32,7629,138
33,4929,138
34,6563,138
35,5855,138
36,5332,138
37,6598,138
38,6599,138
39,7239,138
40,5331,138
41,7789,138
42,8317,138
43,7494,138
44,8318,138
1,4130,139
2,6198,139
3,6113,139
4,5930,139
5,7072,139
6,7271,139
7,6867,139
8,1952,139
9,5754,139
10,6197,139
11,6570,139
12,7267,139
13,5010,139
14,6596,139
15,6210,139
16,5855,139
17,5714,139
18,6595,139
19,6388,139
20,7153,139
21,1909,139
22,5883,139
23,7477,139
24,6681,139
25,6013,139
26,6598,139
27,5793,139
28,4798,139
29,7629,139
30,6089,139
31,1921,139
32,6998,139
33,6548,139
34,6395,139
35,4929,139
36,7476,139
37,6791,139
38,6563,139
39,5332,139
40,7567,139
41,6599,139
42,5954,139
43,5331,139
44,7568,139
45,7789,139
46,6780,139
47,7239,139
48,7494,139
1,5930,140
2,6113,140
3,1952,140
4,7267,140
5,4130,140
6,5714,140
7,6867,140
8,6198,140
9,1921,140
10,5754,140
11,5010,140
12,7072,140
13,6595,140
14,6570,140
15,5883,140
16,6197,140
17,6681,140
18,7271,140
19,7477,140
20,6596,140
21,6898,140
22,6013,140
23,4929,140
24,6210,140
25,1909,140
26,7439,140
27,5855,140
28,7153,140
29,5793,140
30,6598,140
31,6548,140
32,6395,140
33,6089,140
34,7476,140
35,6563,140
36,7437,140
37,6791,140
38,7629,140
39,5331,140
40,6599,140
1,4130,141
2,1952,141
3,5930,141
4,6113,141
5,7267,141
6,5754,141
7,5714,141
8,5010,141
9,6867,141
10,6570,141
11,6198,141
12,1921,141
13,6388,141
14,7072,141
15,6681,141
16,7439,141
17,6197,141
18,7477,141
19,6210,141
20,6598,141
21,5793,141
22,1909,141
23,6595,141
24,6013,141
25,5883,141
26,6395,141
27,7271,141
27,4798,141
29,6898,141
30,5855,141
31,6596,141
32,4929,141
33,7437,141
34,7476,141
35,6791,141
36,6998,141
37,6548,141
38,6089,141
39,7153,141
40,6563,141
1,6113,142
2,5930,142
3,6198,142
4,6470,142
5,4130,142
6,7271,142
7,7072,142
8,6595,142
9,6197,142
9,6867,142
11,1952,142
12,7267,142
12,6898,142
14,5883,142
15,5010,142
16,5855,142
17,1909,142
18,5754,142
19,7477,142
20,6563,142
21,5714,142
22,6570,142
23,6681,142
24,7153,142
24,6598,142
26,6388,142
27,6210,142
28,6596,142
29,4929,142
30,7183,142
31,7154,142
32,7629,142
33,6791,142
34,6013,142
35,7669,142
36,6875,142
37,6395,142
38,1921,142
39,7571,142
40,6089,142
1,6113,143
2,6198,143
3,6470,143
4,7271,143
5,7072,143
6,6197,143
7,5010,143
8,6595,143
9,5930,143
10,5754,143
11,6570,143
12,5855,143
13,6898,143
14,7153,143
15,1909,143
16,1952,143
17,5714,143
18,7267,143
19,6210,143
20,7183,143
21,5883,143
22,7477,143
23,6681,143
24,6598,143
25,5917,143
26,6867,143
27,5793,143
28,6596,143
29,6013,143
30,7154,143
31,6563,143
32,6548,143
33,6388,143
34,7378,143
35,7439,143
36,6395,143
37,1921,143
38,7669,143
,4130,143
,7629,143
1,6113,144
2,5714,144
3,4130,144
4,7267,144
5,6596,144
6,7271,144
7,5010,144
8,1952,144
9,5754,144
10,7072,144
11,6198,144
12,6867,144
13,1909,144
14,6013,144
15,7477,144
16,6470,144
17,7789,144
18,7153,144
19,7439,144
20,6197,144
21,1921,144
22,5930,144
23,6595,144
24,6548,144
25,6681,144
26,5855,144
27,7476,144
28,5917,144
29,6210,144
30,6388,144
31,6563,144
32,7726,144
33,5883,144
34,4929,144
35,5793,144
36,7629,144
37,6875,144
38,6598,144
39,6570,144
40,7233,144
1,7271,145
2,5930,145
3,6470,145
4,6113,145
5,1952,145
6,4130,145
7,7072,145
8,6388,145
9,7477,145
10,7267,145
11,6867,145
12,5714,145
12,6197,145
14,6898,145
15,5010,145
16,6595,145
17,6563,145
18,5754,145
19,6210,145
20,6013,145
21,6570,145
22,7153,145
23,6596,145
24,7439,145
25,6548,145
26,4929,145
27,5883,145
28,1921,145
29,6681,145
30,6089,145
31,7789,145
32,6791,145
33,5917,145
34,6598,145
35,7629,145
36,7476,145
37,7726,145
38,1909,145
39,6395,145
,6198,145
1,1952,146
2,5930,146
3,6198,146
4,6113,146
5,5010,146
6,5714,146
7,7267,146
8,7271,146
9,6470,146
10,6867,146
11,4130,146
12,6197,146
13,7072,146
14,5754,146
15,6570,146
16,6898,146
17,6595,146
18,1921,146
19,6210,146
20,4929,146
21,7153,146
22,6596,146
23,6013,146
24,5883,146
25,6548,146
26,6791,146
27,7789,146
28,6598,146
29,1909,146
30,5855,146
31,7439,146
32,6395,146
33,5917,146
34,7476,146
35,7237,146
36,7726,146
37,6599,146
38,7477,146
39,6089,146
,5793,146
1,5930,147
2,7477,147
3,6570,147
4,7267,147
5,6470,147
6,6113,147
7,5754,147
8,6198,147
9,7072,147
10,4130,147
11,5855,147
12,6867,147
13,6681,147
14,5917,147
15,6898,147
16,1952,147
17,1921,147
18,6388,147
19,5251,147
20,7154,147
21,6664,147
22,7739,147
23,6595,147
24,7437,147
25,6563,147
26,7476,147
27,6791,147
28,1909,147
29,7439,147
30,7507,147
31,7168,147
32,5793,147
,6043,147
,7281,147
1,6198,148
2,5930,148
3,7477,148
4,6113,148
5,7072,148
6,7267,148
7,6470,148
8,4130,148
9,6570,148
10,6898,148
11,1909,148
12,1952,148
13,6867,148
14,6681,148
15,7154,148
16,6043,148
16,6664,148
18,6388,148
19,6563,148
20,7437,148
21,5251,148
22,5855,148
23,7739,148
24,1921,148
25,6595,148
26,6791,148
27,5793,148
28,5917,148
29,7507,148
30,7168,148
31,7476,148
32,7439,148
33,5754,148
,7281,148
1,5930,149
2,7267,149
3,7072,149
4,7669,149
5,6198,149
6,6470,149
7,6570,149
8,7477,149
9,6388,149
10,6681,149
11,6113,149
12,6898,149
13,4130,149
14,1909,149
15,7608,149
16,7437,149
17,5754,149
18,5855,149
19,6595,149
20,6867,149
21,1952,149
22,7183,149
23,7271,149
24,7321,149
25,6598,149
25,7281,149
27,6563,149
28,8446,149
29,7726,149
30,6503,149
31,7372,149
32,6664,149
33,5793,149
34,5917,149
35,7917,149
36,7523,149
37,1921,149
38,7823,149
39,7439,149
40,6875,149
1,6570,150
2,7267,150
3,6898,150
4,6198,150
5,5930,150
6,1909,150
7,7183,150
8,4130,150
9,6681,150
10,6113,150
11,7669,150
11,1952,150
11,7072,150
14,7477,150
15,6470,150
16,7271,150
17,5754,150
18,7372,150
19,5855,150
20,6563,150
21,6595,150
22,7437,150
23,6867,150
24,6043,150
25,6388,150
26,8446,150
27,5251,150
28,7027,150
29,5793,150
30,7281,150
31,7726,150
32,6791,150
33,7154,150
34,7213,150
35,7378,150
36,6598,150
37,6664,150
38,6503,150
39,6555,150
40,7168,150
1,6570,151
2,5930,151
3,7267,151
4,6198,151
5,6113,151
6,6898,151
7,1952,151
8,7183,151
9,1909,151
10,7072,151
11,6681,151
12,4130,151
13,6867,151
14,5754,151
15,5855,151
16,7477,151
16,7437,151
18,7372,151
19,7669,151
20,6470,151
21,6595,151
22,6043,151
23,6563,151
24,7271,151
25,6388,151
26,7378,151
27,6598,151
28,5251,151
29,7281,151
30,7027,151
31,6664,151
32,5917,151
32,7726,151
34,6791,151
35,7168,151
36,8446,151
37,7153,151
38,7128,151
39,5793,151
40,7078,151
1,6570,152
2,5930,152
3,7669,152
4,6198,152
5,1952,152
6,7378,152
7,5754,152
8,4130,152
9,6681,152
10,7477,152
10,5917,152
12,6470,152
13,7267,152
14,7271,152
15,1909,152
16,7072,152
17,6595,152
18,6043,152
19,6113,152
20,6867,152
21,6898,152
22,7372,152
23,7437,152
24,6664,152
25,7726,152
26,7183,152
27,5855,152
28,7608,152
29,7476,152
30,6563,152
31,5251,152
32,7281,152
33,6598,152
34,6388,152
34,5793,152
36,7439,152
37,6791,152
38,7237,152
39,7027,152
40,7168,152
1,6570,153
2,5930,153
3,4130,153
4,7267,153
5,7072,153
6,7669,153
7,6681,153
8,1952,153
9,5754,153
10,6470,153
11,7271,153
12,6595,153
13,6113,153
14,7477,153
15,6898,153
16,6198,153
17,7372,153
18,6867,153
19,1909,153
20,6043,153
21,5251,153
22,6664,153
23,7183,153
24,5917,153
25,7378,153
26,6563,153
27,6388,153
28,5855,153
29,7281,153
30,7608,153
31,7726,153
32,7237,153
33,1921,153
34,7437,153
35,6548,153
36,6314,153
37,7128,153
38,6598,153
39,7027,153
,7381,153
1,5930,154
2,7267,154
3,6570,154
4,1952,154
5,6113,154
6,6681,154
7,6898,154
8,7477,154
9,6198,154
10,4130,154
11,7072,154
12,6867,154
13,7271,154
14,6595,154
15,1909,154
16,6470,154
17,6664,154
18,5855,154
19,5251,154
20,7183,154
21,5754,154
22,6043,154
23,7378,154
24,7154,154
25,6388,154
26,7372,154
27,5917,154
28,6563,154
29,7437,154
30,7027,154
31,7237,154
32,6503,154
33,6598,154
34,7281,154
35,6791,154
36,1921,154
36,5793,154
38,7168,154
39,7153,154
40,7078,154
1,6570,155
2,6113,155
3,7267,155
4,6198,155
5,5930,155
5,7477,155
7,1952,155
8,4130,155
9,7072,155
10,1909,155
11,6681,155
12,6664,155
13,5754,155
14,7271,155
15,6470,155
16,6898,155
17,5855,155
18,6595,155
19,5251,155
20,6043,155
21,6388,155
22,7372,155
23,6867,155
24,7154,155
25,7183,155
26,6598,155
27,6791,155
28,5917,155
29,7437,155
30,7281,155
31,6314,155
32,5793,155
33,7027,155
34,7378,155
35,7153,155
36,6503,155
37,7726,155
38,7078,155
39,7237,155
40,1921,155
1,7267,156
2,6570,156
3,5930,156
4,6198,156
5,6113,156
6,1952,156
7,7669,156
8,7072,156
9,4130,156
10,6898,156
11,6595,156
12,6681,156
13,7183,156
14,6470,156
14,6043,156
16,1909,156
17,5754,156
18,6388,156
19,7271,156
20,7027,156
21,6664,156
22,7378,156
23,6867,156
24,6791,156
25,7437,156
26,6210,156
27,5251,156
28,5855,156
29,7153,156
30,5793,156
31,7477,156
32,5917,156
33,7476,156
34,6503,156
35,7237,156
36,7372,156
36,7439,156
38,7281,156
39,1921,156
40,5954,156
1,7267,157
2,6198,157
3,6570,157
4,7669,157
5,5930,157
6,7072,157
7,6470,157
8,6113,157
9,6867,157
10,4130,157
11,6595,157
12,6681,157
13,6043,157
14,1952,157
15,5754,157
16,6388,157
17,1909,157
18,7372,157
19,7477,157
20,6210,157
21,7027,157
22,5855,157
23,7378,157
24,7271,157
25,7183,157
26,5251,157
27,6898,157
28,7153,157
29,6664,157
30,7608,157
31,7439,157
32,4798,157
33,5793,157
34,6998,157
35,6395,157
36,7437,157
37,6875,157
38,7078,157
39,7237,157
40,1921,157
1,7267,158
2,5930,158
3,4130,158
4,6570,158
5,6198,158
6,5754,158
7,7477,158
8,7669,158
9,6595,158
10,6043,158
11,1909,158
12,6113,158
13,6664,158
14,1952,158
15,6681,158
16,6470,158
17,7072,158
18,6898,158
19,6388,158
20,7372,158
21,5917,158
22,7271,158
23,1921,158
24,7378,158
25,5251,158
26,7437,158
27,7183,158
28,6867,158
29,6791,158
30,5855,158
31,6210,158
32,7439,158
33,5954,158
34,7027,158
35,7153,158
36,5793,158
37,7237,158
38,7078,158
39,7608,158
40,7789,158
1,7669,159
2,5930,159
3,7267,159
4,6198,159
5,4130,159
6,6570,159
7,6113,159
8,7072,159
9,5754,159
10,6664,159
10,6595,159
12,7477,159
13,6470,159
14,6681,159
15,1909,159
16,6898,159
17,6867,159
18,5917,159
19,5251,159
20,6210,159
21,7378,159
22,7271,159
23,6388,159
24,7608,159
25,1952,159
26,7437,159
27,7372,159
28,5954,159
29,7027,159
30,6043,159
31,6395,159
32,7237,159
33,6791,159
34,5855,159
35,6998,159
36,5793,159
37,7078,159
37,7476,159
39,7153,159
40,6503,159
41,6024,159
1,6570,160
2,6470,160
3,6113,160
4,6198,160
5,5930,160
6,4130,160
7,1952,160
8,5754,160
9,7726,160
10,7477,160
11,7267,160
12,7072,160
13,5855,160
14,6595,160
15,7669,160
16,5917,160
17,7439,160
18,7027,160
19,6867,160
20,6664,160
21,7437,160
22,6388,160
23,1909,160
24,5793,160
25,6197,160
26,7372,160
27,6563,160
28,6043,160
29,6210,160
30,7154,160
31,6681,160
32,1921,160
33,6503,160
34,5251,160
35,7321,160
36,6548,160
37,7281,160
38,6875,160
39,6598,160
,6898,160
1,5930,161
2,6570,161
3,6198,161
4,6470,161
5,7267,161
6,6113,161
7,7072,161
8,6197,161
9,7669,161
10,6388,161
11,1909,161
12,5754,161
13,7027,161
14,7477,161
15,4130,161
16,6043,161
17,6867,161
18,5251,161
19,6664,161
20,6681,161
21,1952,161
22,5855,161
23,6595,161
24,7183,161
25,6598,161
26,6898,161
27,7726,161
28,7439,161
29,7372,161
30,6210,161
31,5917,161
32,6563,161
33,1921,161
34,7154,161
35,7078,161
36,4929,161
37,5793,161
38,6397,161
39,7321,161
40,6875,161
1,5930,162
2,7267,162
3,6570,162
4,5754,162
4,6470,162
6,6113,162
7,1909,162
8,7477,162
9,6198,162
10,7669,162
11,7072,162
12,6867,162
13,6681,162
14,6043,162
15,1952,162
16,6197,162
17,7027,162
18,6388,162
19,5251,162
20,6898,162
21,7183,162
22,5917,162
23,4130,162
24,6664,162
25,7154,162
26,7372,162
27,6563,162
28,7078,162
29,4929,162
30,1921,162
31,6210,162
32,7321,162
33,7153,162
34,5855,162
35,7439,162
36,6595,162
37,6503,162
38,7168,162
39,7726,162
40,6875,162
1,7669,163
2,7477,163
3,7072,163
4,4130,163
5,6570,163
6,6470,163
7,6198,163
8,6043,163
9,7154,163
10,6113,163
11,7739,163
12,5883,163
13,8446,163
14,5855,163
15,6210,163
16,5917,163
17,6867,163
17,1952,163
19,6388,163
20,6664,163
21,6197,163
22,5793,163
23,5754,163
24,6875,163
25,7917,163
26,6595,163
27,7183,163
28,7608,163
29,7437,163
,6681,163
,7372,163
1,7669,164
2,6198,164
3,7072,164
4,6681,164
5,7477,164
6,5855,164
7,4130,164
8,6043,164
9,5754,164
10,7154,164
11,7739,164
12,6113,164
13,6570,164
14,5883,164
15,8446,164
16,6875,164
17,7437,164
18,7183,164
19,6197,164
20,6388,164
21,6595,164
22,6470,164
23,6210,164
24,6397,164
25,1952,164
26,7372,164
27,6664,164
28,5917,164
29,6867,164
30,7823,164
31,5793,164
32,7608,164
33,6563,164
34,7078,164
35,7571,164
36,6548,164
37,7917,164
38,7272,164
39,7740,164
40,8371,164
1,7669,165
2,7072,165
3,6198,165
4,4130,165
5,6681,165
6,7477,165
7,6113,165
8,8446,165
9,5754,165
10,6570,165
10,5883,165
12,6043,165
13,5855,165
14,6197,165
15,6664,165
16,7739,165
17,1952,165
18,6470,165
19,5917,165
20,6595,165
21,6867,165
22,5793,165
23,7154,165
24,7917,165
25,6388,165
26,7183,165
27,6563,165
28,6548,165
29,7372,165
30,6210,165
31,6875,165
32,7571,165
33,7437,165
34,7823,165
35,6397,165
36,7608,165
37,7740,165
38,7726,165
39,7476,165
40,7801,165
1,7669,166
2,6198,166
3,7072,166
4,7477,166
5,6570,166
6,6681,166
7,8446,166
8,5754,166
9,6113,166
10,6043,166
11,6470,166
12,7739,166
13,5855,166
14,7154,166
15,4130,166
16,5883,166
17,1952,166
18,6867,166
19,6388,166
19,7437,166
21,7183,166
22,7608,166
23,6595,166
24,6664,166
25,5917,166
26,6548,166
27,7372,166
28,6197,166
29,7823,166
30,7571,166
31,5793,166
32,6397,166
33,7740,166
34,6563,166
35,7476,166
36,6875,166
37,7917,166
38,7272,166
39,7801,166
,6210,166
1,6198,167
2,7477,167
3,7072,167
4,6470,167
5,5930,167
6,4130,167
7,7267,167
8,5917,167
9,7739,167
10,6043,167
11,6898,167
12,7439,167
13,5883,167
14,6681,167
15,6570,167
16,8446,167
17,6867,167
18,6664,167
19,5855,167
20,6197,167
21,7183,167
22,7823,167
23,5754,167
24,7372,167
25,6875,167
26,7608,167
27,7437,167
28,6563,167
29,6595,167
29,7917,167
31,7237,167
32,7523,167
33,7154,167
34,7726,167
35,6210,167
36,5793,167
37,8148,167
38,7233,167
39,7027,167
,6388,167
1,7072,168
2,6198,168
3,7477,168
4,4130,168
5,6470,168
6,5930,168
7,7267,168
8,8446,168
9,7439,168
10,6570,168
11,7183,168
12,5754,168
13,6898,168
14,6867,168
15,6043,168
16,5883,168
17,5917,168
18,6681,168
19,6197,168
20,7523,168
21,6875,168
22,5793,168
23,7608,168
24,7823,168
25,6595,168
26,7372,168
27,7437,168
28,7739,168
29,6664,168
30,7233,168
31,6563,168
32,7726,168
33,7571,168
34,6388,168
35,7027,168
36,7801,168
37,7153,168
38,7917,168
39,7237,168
40,7154,168
1,6198,169
2,7072,169
3,7477,169
4,7669,169
5,5930,169
5,6043,169
7,6113,169
8,4130,169
9,6570,169
10,7183,169
11,6867,169
12,5855,169
13,6470,169
14,5883,169
15,8197,169
16,5010,169
17,7439,169
18,6681,169
19,6898,169
20,5754,169
21,7523,169
22,7860,169
23,7027,169
24,7739,169
25,5917,169
26,6595,169
27,5793,169
28,6388,169
29,7437,169
30,8446,169
31,7608,169
32,7378,169
33,7154,169
34,6197,169
35,6397,169
36,6210,169
37,6563,169
38,7726,169
39,7917,169
40,7281,169
1,6198,170
2,7072,170
3,7477,170
4,4130,170
5,5930,170
6,6681,170
7,6043,170
8,6113,170
9,6197,170
10,6470,170
11,7739,170
12,5917,170
13,5883,170
14,5855,170
15,6595,170
16,8197,170
17,7439,170
18,7823,170
19,8446,170
20,5010,170
21,6210,170
22,7523,170
23,7183,170
24,6570,170
25,5793,170
26,6664,170
27,7860,170
28,6563,170
29,7437,170
30,7154,170
31,7237,170
32,6397,170
33,7378,170
34,7494,170
35,8185,170
36,7917,170
37,6875,170
,7669,170
,6867,170
,6388,170
1,7072,171
2,6470,171
3,8197,171
4,7669,171
5,6043,171
6,4130,171
7,7154,171
8,7477,171
8,6197,171
8,7183,171
11,5010,171
12,6113,171
13,6570,171
14,6681,171
15,6595,171
16,7439,171
17,5917,171
18,5883,171
18,5855,171
20,7739,171
21,6867,171
21,6388,171
23,7917,171
24,7860,171
25,6563,171
26,6397,171
27,5793,171
28,7523,171
29,7237,171
30,6875,171
31,6210,171
32,7726,171
33,6664,171
34,7027,171
34,7476,171
36,7437,171
37,7378,171
38,7735,171
39,8148,171
,6198,171
1,7669,172
2,6198,172
3,7477,172
4,4130,172
5,6470,172
6,7072,172
7,7739,172
8,5930,172
9,5754,172
10,7439,172
11,6043,172
12,6113,172
13,6197,172
14,8197,172
15,6570,172
16,6681,172
17,8446,172
18,5917,172
19,6867,172
20,7523,172
21,7154,172
22,7183,172
23,6210,172
24,6388,172
25,6898,172
26,7237,172
27,7726,172
28,1952,172
29,7027,172
30,6875,172
31,5855,172
32,5793,172
33,6563,172
34,6397,172
35,7378,172
36,7372,172
37,5883,172
38,8148,172
,7608,172
,6595,172
1,7669,173
2,7477,173
3,6470,173
4,5930,173
5,7072,173
6,8197,173
7,6198,173
8,5754,173
9,6113,173
10,4130,173
11,6570,173
12,6043,173
13,7439,173
14,7739,173
15,5917,173
16,6210,173
17,8446,173
18,7523,173
19,6681,173
20,6197,173
21,5793,173
22,7183,173
23,7154,173
24,6875,173
25,5883,173
26,6388,173
27,6867,173
28,6898,173
29,1952,173
30,7237,173
31,7378,173
32,7726,173
33,8148,173
34,5251,173
35,6595,173
36,7233,173
37,7027,173
38,7437,173
39,7571,173
40,7608,173
1,8197,174
2,6470,174
3,7669,174
4,6198,174
5,5930,174
6,6113,174
7,4130,174
8,8446,174
9,7739,174
10,7072,174
11,6197,174
12,6681,174
13,5883,174
13,6867,174
15,7477,174
16,6043,174
17,7608,174
18,6898,174
19,7183,174
20,5917,174
21,7523,174
22,5010,174
23,6570,174
24,5855,174
25,6664,174
26,5793,174
27,6397,174
28,6595,174
29,7823,174
30,7378,174
31,7735,174
31,7571,174
33,7233,174
34,7476,174
35,8357,174
36,6791,174
36,7740,174
38,7437,174
39,7078,174
,5754,174
1,7669,175
2,7072,175
3,6198,175
4,6197,175
5,5754,175
6,4130,175
7,5930,175
8,5883,175
9,7477,175
10,6570,175
11,6867,175
12,6113,175
13,7372,175
14,7739,175
15,5917,175
16,6664,175
17,1952,175
18,7608,175
19,8446,175
20,6898,175
21,6595,175
22,5855,175
23,6043,175
24,7154,175
25,6681,175
26,7183,175
27,7437,175
28,7726,175
29,6210,175
30,7027,175
31,7439,175
32,7823,175
33,8197,175
34,7860,175
35,6791,175
36,5793,175
37,7233,175
38,7378,175
39,7801,175
40,6503,175
1,6197,176
2,7072,176
3,6470,176
4,7669,176
5,6113,176
6,5855,176
7,6198,176
8,7183,176
9,7505,176
10,7477,176
11,9345,176
12,8132,176
13,6570,176
14,5754,176
14,1909,176
16,1952,176
17,6867,176
18,6548,176
19,8446,176
20,6898,176
21,7571,176
22,6388,176
23,6664,176
24,7439,176
25,5793,176
26,7154,176
27,7372,176
28,6210,176
29,8202,176
30,5917,176
31,5883,176
32,6397,176
33,8441,176
34,6395,176
35,7860,176
36,7745,176
37,7748,176
38,7237,176
39,7523,176
40,8356,176
1,6197,177
2,7072,177
3,6113,177
4,6198,177
5,6470,177
6,7669,177
7,5754,177
8,7183,177
9,7505,177
10,6548,177
11,8132,177
12,9345,177
13,6570,177
14,1909,177
15,5883,177
16,6664,177
17,6210,177
18,7571,177
19,5793,177
20,7154,177
21,7372,177
22,8446,177
23,7860,177
24,6867,177
25,8202,177
26,7523,177
27,5917,177
28,1952,177
29,6395,177
30,7748,177
31,5855,177
32,7237,177
33,7477,177
34,6898,177
35,6397,177
36,7745,177
37,6875,177
38,7439,177
39,7598,177
,8269,177
1,6198,178
2,6197,178
3,5754,178
4,7072,178
5,7669,178
6,6570,178
7,7477,178
8,6113,178
9,7439,178
10,7183,178
11,5855,178
12,6388,178
13,7154,178
14,1909,178
15,8446,178
16,7571,178
17,7505,178
18,5917,178
19,6867,178
20,6210,178
21,7372,178
22,1952,178
23,7267,178
24,6397,178
25,6875,178
26,4929,178
27,5793,178
28,7378,178
29,7575,178
30,7673,178
31,6395,178
32,7437,178
33,8148,178
34,6664,178
35,6898,178
36,7507,178
37,8185,178
38,7573,178
39,6795,178
1,7477,179
2,7072,179
3,6198,179
4,6197,179
5,6113,179
6,5754,179
7,7669,179
8,1909,179
9,5917,179
10,6570,179
11,7154,179
12,5855,179
13,7439,179
14,7183,179
15,6867,179
16,6210,179
17,7267,179
17,8446,179
19,5793,179
20,6388,179
21,7505,179
22,7571,179
23,4929,179
24,6397,179
25,7378,179
26,1952,179
27,6395,179
28,7372,179
29,6875,179
30,6664,179
31,8185,179
32,7437,179
33,6898,179
34,7575,179
35,8148,179
36,7673,179
37,7573,179
38,7507,179
,6795,179
1,7669,180
2,7072,180
3,6197,180
4,6198,180
5,5754,180
6,8446,180
7,7154,180
8,7477,180
8,6570,180
10,6113,180
11,1909,180
12,7183,180
13,7267,180
14,5855,180
15,7439,180
16,7571,180
17,6875,180
18,7505,180
19,6664,180
20,5917,180
21,6867,180
22,4929,180
23,7372,180
24,6210,180
25,6898,180
26,5793,180
27,6388,180
28,7378,180
29,6395,180
30,6397,180
31,7437,180
32,7673,180
33,7507,180
34,7573,180
35,8185,180
36,7575,180
37,8148,180
38,7511,180
,1952,180
1,6198,181
2,7072,181
3,6197,181
4,7669,181
5,7477,181
6,5754,181
7,5855,181
7,7505,181
9,5917,181
10,8446,181
11,7154,181
12,6570,181
13,7267,181
14,6875,181
15,7439,181
16,6664,181
17,1909,181
18,7183,181
19,6867,181
20,7571,181
21,6388,181
22,6210,181
23,5793,181
24,6395,181
25,6898,181
26,4929,181
27,7378,181
28,7437,181
29,7372,181
30,6397,181
31,8185,181
32,7507,181
33,7673,181
34,8148,181
35,7575,181
36,7511,181
37,7573,181
1,7072,182
2,7669,182
3,7154,182
4,7505,182
5,6595,182
6,5855,182
7,7183,182
8,7571,182
9,1909,182
10,5754,182
11,6570,182
12,8446,182
13,7477,182
14,7608,182
15,6388,182
16,6596,182
17,4929,182
18,6867,182
19,5883,182
20,7372,182
21,6210,182
22,6664,182
23,6898,182
24,5793,182
25,6875,182
26,6043,182
27,6397,182
28,7673,182
29,7860,182
30,9345,182
31,7437,182
32,6395,182
33,7823,182
34,5917,182
35,7745,182
36,7748,182
37,7523,182
38,8185,182
39,7635,182
40,8551,182
1,6197,183
2,7072,183
3,7183,183
4,7505,183
5,7669,183
6,5754,183
7,7477,183
8,6595,183
9,7571,183
10,6867,183
11,1909,183
12,5855,183
13,4929,183
14,8446,183
15,6570,183
16,6388,183
17,6898,183
18,7608,183
19,6664,183
20,6596,183
21,9345,183
22,7372,183
23,6043,183
24,7154,183
25,7437,183
26,5883,183
27,7823,183
28,5793,183
29,7523,183
30,7860,183
31,8269,183
32,7917,183
33,6397,183
34,6395,183
35,6210,183
36,8185,183
37,7745,183
38,7748,183
39,7635,183
,8551,183
1,7072,184
2,6113,184
3,6596,184
4,7154,184
5,6470,184
6,6197,184
7,7505,184
8,5754,184
9,7439,184
10,6210,184
11,7477,184
12,5855,184
13,8132,184
14,6867,184
15,1952,184
16,5793,184
17,8446,184
18,5917,184
19,6548,184
20,6397,184
21,7917,184
22,8148,184
22,7378,184
,7669,184
,7267,184
,1909,184
,6570,184
,7372,184
1,7669,185
2,6113,185
3,6470,185
4,5754,185
5,7072,185
6,7154,185
7,6197,185
8,7477,185
9,1909,185
10,7505,185
11,8132,185
12,6570,185
13,6867,185
14,6596,185
15,6210,185
16,1952,185
17,8446,185
18,5855,185
19,6397,185
20,5917,185
21,8148,185
22,5793,185
23,7378,185
24,7267,185
24,6548,185
24,7372,185
24,7917,185
,7439,185
1,6198,186
2,6197,186
3,7669,186
4,6470,186
5,7072,186
6,4130,186
7,8132,186
8,6113,186
9,6388,186
10,7267,186
11,7477,186
12,8446,186
13,6867,186
14,7154,186
15,1909,186
16,5855,186
17,6548,186
18,7739,186
19,6043,186
20,6563,186
21,6595,186
22,6596,186
23,7271,186
24,9345,186
25,6875,186
26,7439,186
27,6210,186
28,7608,186
29,1952,186
30,6395,186
31,7183,186
32,5754,186
33,8357,186
33,8269,186
33,4929,186
36,6397,186
37,7740,186
38,5883,186
39,7437,186
40,8524,186
41,8515,186
42,5793,186
43,7494,186
44,7917,186
45,5917,186
45,7523,186
47,7878,186
48,7823,186
49,5010,186
50,7575,186
1,7072,187
2,7669,187
3,6470,187
4,6197,187
5,6198,187
5,6113,187
7,4130,187
8,7183,187
9,7267,187
10,8446,187
11,8132,187
12,7154,187
13,7477,187
14,5855,187
15,6388,187
16,6596,187
17,1909,187
18,6043,187
19,6867,187
19,9345,187
21,6563,187
22,7739,187
23,6595,187
24,6548,187
25,1952,187
26,7439,187
27,5883,187
28,5754,187
29,6210,187
30,7608,187
31,7372,187
32,8269,187
33,8357,187
34,5793,187
35,6397,187
36,4929,187
37,6875,187
38,6646,187
39,7823,187
39,8515,187
41,8524,187
42,7917,187
43,7437,187
44,6395,187
45,7740,187
46,7523,187
47,8148,187
48,5010,187
49,7878,187
50,5917,187
1,7669,188
2,6113,188
3,6197,188
4,6198,188
5,6470,188
6,7072,188
6,4130,188
8,7267,188
9,8446,188
10,6388,188
11,7183,188
12,6898,188
13,1909,188
14,7477,188
15,7505,188
16,6043,188
17,5855,188
18,7372,188
19,6548,188
20,6563,188
21,6867,188
22,7571,188
23,6595,188
24,7154,188
25,7608,188
26,1952,188
27,6875,188
28,6210,188
29,5793,188
30,6646,188
31,7726,188
32,5883,188
33,7823,188
34,6598,188
35,6570,188
36,8524,188
37,9345,188
38,5754,188
39,6596,188
40,7917,188
1,7669,189
2,7477,189
3,6113,189
4,6198,189
5,6197,189
6,4130,189
7,6470,189
8,7072,189
9,5855,189
10,6388,189
11,7267,189
12,6043,189
13,1909,189
14,7439,189
14,6570,189
16,7154,189
17,6596,189
18,6867,189
19,8446,189
20,7183,189
21,6646,189
22,5793,189
23,6875,189
24,1952,189
25,6395,189
26,8132,189
27,7726,189
28,6548,189
29,7378,189
30,7507,189
31,6563,189
32,6898,189
33,6595,189
34,5917,189
35,6397,189
36,5883,189
37,6210,189
38,7372,189
39,7917,189
40,8524,189
1,7669,190
2,7477,190
3,6197,190
4,7072,190
5,6198,190
6,6210,190
7,6113,190
8,4130,190
9,7267,190
10,5855,190
11,5754,190
12,6867,190
13,6470,190
14,6570,190
15,1909,190
16,6388,190
17,7154,190
18,6043,190
19,7439,190
20,6875,190
21,7183,190
22,6596,190
23,8446,190
24,7372,190
25,8132,190
26,1952,190
26,5883,190
28,6664,190
29,7726,190
30,6548,190
31,5793,190
32,6646,190
33,6563,190
34,6595,190
35,6898,190
36,7378,190
37,6397,190
38,8524,190
39,7507,190
40,7917,190
1,7669,191
2,6113,191
3,7477,191
4,6470,191
5,7267,191
6,6197,191
7,7072,191
8,6198,191
9,4130,191
10,6867,191
11,1909,191
12,6210,191
13,7183,191
14,9345,191
15,6043,191
16,6548,191
17,6596,191
18,1952,191
18,7439,191
20,7372,191
21,8446,191
22,5855,191
23,6664,191
24,6875,191
25,8132,191
26,7505,191
27,5754,191
28,6563,191
29,6570,191
30,7917,191
31,6388,191
32,6397,191
33,6898,191
34,7154,191
34,8148,191
36,5917,191
37,5793,191
38,5883,191
39,7608,191
40,7271,191
1,6113,192
2,7669,192
3,6197,192
4,7477,192
5,7072,192
6,6198,192
7,4130,192
8,7267,192
9,6470,192
10,7183,192
11,8132,192
12,5754,192
13,7505,192
14,7439,192
15,5855,192
16,6867,192
17,6210,192
18,8446,192
19,7154,192
20,1909,192
21,7372,192
22,1952,192
23,6548,192
24,6664,192
25,6043,192
26,6570,192
27,6388,192
28,7608,192
29,7271,192
30,7571,192
31,6563,192
32,6875,192
33,6898,192
34,6596,192
35,5917,192
36,7917,192
37,7378,192
38,5793,192
39,5883,192
,9345,192
1,6470,193
2,6197,193
3,6113,193
4,7669,193
5,6198,193
6,1909,193
7,7072,193
8,7477,193
9,7267,193
10,6570,193
11,6548,193
12,7183,193
13,6210,193
14,7917,193
15,4130,193
15,7372,193
17,7439,193
18,7505,193
19,5883,193
20,6867,193
21,7154,193
22,5754,193
23,7271,193
24,5855,193
25,7571,193
25,8446,193
27,6563,193
28,5917,193
29,7608,193
30,6596,193
31,6664,193
32,6388,193
33,5793,193
34,9345,193
35,6043,193
36,6397,193
37,8148,193
38,8132,193
39,6646,193
40,6898,193
1,7669,194
2,6470,194
3,4130,194
4,6197,194
5,6113,194
6,6198,194
7,7183,194
8,7072,194
9,1952,194
10,6548,194
10,1909,194
12,6043,194
13,7571,194
14,5793,194
15,7477,194
16,6867,194
17,6563,194
18,5883,194
19,7154,194
20,7505,194
21,7372,194
22,6898,194
23,7917,194
23,8132,194
25,7439,194
26,6210,194
27,6595,194
28,6596,194
29,5917,194
30,6664,194
31,7608,194
32,8446,194
33,6875,194
34,7378,194
35,6570,194
36,7267,194
37,7575,194
38,7233,194
39,5855,194
40,7823,194
